,Postcode,2016,2017,2018,2019,2020,2021,2022,2023,2024,2025
0,3000,31480,32476,33314.0,34580.0,35894.1105841388,37258.16005281622,38674.04618557919,40143.7388814711,41669.282899719954,43252.800704578134
1,3002,61342,63689,67362.0,69972.0,72683.12674801817,75499.29848894522,78424.58528352,81463.2148905683,84619.57887715397,87898.23896547337
2,3003,46442,49415,50578.0,51259.0,51949.169223773184,52648.63112897682,53357.51083554555,54075.935148072866,54804.03257849395,55541.93336907393
3,3004,59385,60776,62323.0,64457.0,66664.07023089389,68946.7126882969,71307.51503858213,73749.15355233042,76274.39613822445,78886.10548082624
4,3006,53857,53668,55730.0,54860.0,54003.58155392069,53160.532640374826,52330.644547837124,51513.711822974066,50709.53221978032,49917.906649509205
5,3008,53957,57258,58446.0,61303.0,64299.657957772986,67442.80073547133,70739.58891090236,74197.53309046038,77824.5110194794,81628.78552898651
6,3010,78001,81497,40000.0,40000.0,40000.0,40000.0,40000.0,40000.0,40000.0,40000.0
7,3011,48422,50461,53073.0,54215.0,55381.57302206395,56573.247816991636,57790.564512995334,59034.07486051367,60304.34248229323,61601.943128851344
8,3012,51423,52982,54718.0,56471.0,58280.16084286706,60147.28175294319,62074.219596302035,64062.89072741642,66115.27289498762,68233.40720883156
9,3013,62757,65231,67249.0,69675.0,72188.51767312526,74792.71020944553,77490.84869430204,80286.32221706635,83182.64212812232,86183.44644941817
10,3015,63278,66035,69795.0,71148.0,72527.22836879433,73933.19355230287,75366.41385284395,76827.41762020404,78316.7434464113,79834.940364285
11,3016,59379,61922,64270.0,66172.0,68130.28759919092,70146.52856719562,72222.4379702578,74359.78163012136,76560.37762608357,78826.09784149997
12,3018,56661,59540,63268.0,64117.0,64977.39282101536,65849.33134451922,66732.9705035174,67628.46731007815,68535.98088323134,69455.67247724195
13,3019,41058,41912,44304.0,44784.0,45269.20043336945,45759.65764283174,46255.42858154065,46756.57081969385,47263.14255121817,47775.20260052714
14,3020,43048,44309,45673.0,45943.0,46214.59612900401,46487.79782267053,46762.614572437815,47039.05592585358,47317.13148690673,47596.850916361
15,3021,41841,42600,44109.0,43584.0,43065.24872475005,42552.671799848235,42046.195736121546,41545.74791908956,41051.25659855357,40562.650878309614
16,3022,47382,49403,50309.0,51800.0,53335.1885348546,54915.87521329123,56543.408456707264,58219.1766494551,59944.609323218,61721.17837648716
17,3023,50258,51433,53412.0,53308.0,53204.20250131057,53100.607109635734,52997.21343144727,52894.02107398321,52791.02964524633,52688.23875400268
18,3024,50910,52267,54108.0,55399.0,56720.80285724846,58074.143518309815,59459.77446534422,60878.46613450145,62331.00734429743,63818.20573421182
19,3025,52500,55426,58725.0,60161.0,61632.11444870157,63139.20199826879,64683.14229745165,66264.83650501471,67885.20781572055,69545.2019991752
20,3026,56687,55680,54280.0,53896.0,53514.71658069271,53136.130523821186,52760.22274708671,52386.97430318691,52016.36637886075,51648.380293940296
21,3027,55210,56360,57716.0,57392.0,57069.818837064246,56749.44630079685,56430.87223811998,56114.08655295207,55799.07920588788,55485.84021388033
22,3028,50074,51318,52940.0,54177.0,55442.90383452965,56738.38687274863,58064.140264542926,59420.871309258444,60809.30383305052,62230.17857505059
23,3029,49240,50016,51336.0,51442.0,51548.218871746925,51654.65706717324,51761.315039144574,51868.19324146165,51975.29212886221,52082.612157022944
24,3030,52900,54133,55776.0,56434.0,57099.76255020081,57773.379226872356,58454.942686627124,59144.54667916515,59842.28606016936,60548.256804353085
25,3031,57372,58874,61738.0,63364.0,65032.824127765714,66745.6002467159,68503.48592492315,70307.66921744842,72159.36946927987,74059.838139419
26,3032,53458,55028,57047.0,58123.0,59219.29512507231,60336.26817456796,61474.30916806166,62633.81548153712,63815.19198614095,65018.851189553716
27,3033,52713,55230,56918.0,58126.0,59359.638005551846,60619.458145238874,61906.01609596533,63219.879328052295,64561.627355535464,65931.85199177508
28,3034,50679,52510,54426.0,55605.0,56809.54001763863,58040.173312034625,59297.46512724958,60581.992951911096,61894.34678445994,63235.12940414316
29,3036,50075,52793,55726.0,56452.0,57187.458349782864,57932.49827301335,58687.24459871782,59451.82378219894,60226.363926222846,61010.99480248236
30,3037,50389,51287,53275.0,53689.0,54106.21719380572,54526.67658222872,54950.40336036185,55377.42291908902,55807.76084660667,56241.44292995711
31,3038,49351,50550,52960.0,53536.0,54118.264652567974,54706.862092898016,55301.86119723165,55903.33159091755,56511.34365655895,57125.96854224962
32,3039,56911,58662,60401.0,62616.0,64912.22754590156,67292.6613800131,69760.38947982484,72318.61306383523,74970.65074427752,77719.94283213325
33,3040,53942,56670,58394.0,59561.0,60751.322413261645,61965.43333658043,63203.80818166365,64466.9318612883,65755.29897917925,67069.41402368215
34,3041,55932,57395,59360.0,60924.0,62529.20781671159,64176.70918169368,65867.61843304423,67603.07926911704,69384.26552209714,71212.38195195832
35,3042,54924,57306,59506.0,60401.0,61309.461247605286,62231.58620671205,63167.58038637473,64117.65238660673,65082.013944869985,66060.87998326375
36,3043,51246,52990,55201.0,54604.0,54013.4565678158,53429.299875527875,52851.46085040713,52279.871166747536,51714.463237787044,51155.17020771587
37,3044,54604,56729,59592.0,60914.0,62265.32749362331,63646.63308743741,65058.58182118678,66501.85348798113,67977.14296158684,69485.160530979
38,3046,48614,49671,51107.0,51060.0,51013.04322304185,50966.12962937596,50919.25917928926,50872.43183310525,50825.64755118387,50778.90629392155
39,3047,38897,39723,40125.0,39896.0,39668.30694080997,39441.91336350292,39216.811851721184,38992.99503143348,38770.45557069334,38549.186179398916
40,3048,41447,41074,42785.0,42935.0,43085.52588524015,43236.57949942237,43388.16269271239,43540.27732176245,43692.925249734035,43846.10834632069
41,3049,50072,51919,53852.0,54294.0,54739.62779469657,55188.91315986882,55641.886115685906,56098.576928712966,56559.0161139334,57023.23443678786
42,3051,46366,49484,51436.0,53817.0,56308.21776576717,58914.755336734816,61641.950928475344,64495.389865420286,67480.91601966179,70604.64377926236
43,3052,44631,44950,47121.0,46674.0,46231.24033870249,45792.680791337196,45358.28151471472,44928.003043606775,44501.80628716077,44079.6525253484
44,3053,38998,38818,40434.0,41335.0,42256.07718751546,43197.67894707305,44160.2626323704,45144.2957884214,46150.2563786516,47178.63301705406
45,3054,51588,54809,56324.0,56368.0,56412.03437255876,56456.103144527944,56500.20634278018,56544.34399420909,56588.516125729315,56632.7227642765
46,3055,50508,51712,54964.0,55835.0,56719.802507095555,57618.62624597337,58531.69340739253,59459.22970311043,60401.46442167911,61358.63048512578
47,3056,50072,52782,55026.0,57546.0,60181.40726202159,62937.507038496246,65819.82662809045,68834.14646058396,71986.51168939708,75283.24431501553
48,3057,53453,55526,58960.0,62166.0,65546.3289687924,69110.46619189193,72868.40639900193,76830.68779172921,81008.42159532968,85413.32321735524
49,3058,50537,52079,54676.0,55396.0,56125.48130806936,56864.56877865627,57613.388910352674,58372.06986754512,59140.74150235075,59919.53537684216
50,3059,50845,52690,55113.0,55802.0,56499.61359388893,57205.948465265734,57921.113643945326,58645.21952278841,59378.377874741695,60120.7018700912
51,3060,44762,45988,46579.0,45852.0,45136.34693746109,44431.86371060919,43738.375981855614,43055.71213465389,42383.703231030086,41722.182969775895
52,3061,41270,42184,44577.0,45055.0,45538.125602889384,46026.43177060325,46519.97405443456,47018.80860135382,47522.992160396534,48032.58208911918
53,3062,40233,52190,61642.0,56534.0,51849.27737581519,47552.75700276331,43612.2702766656,39998.31426334339,36683.830806330996,33644.00393895585
54,3063,50027,50996,50940.0,53040.0,55226.57243816255,57503.28626070164,59873.85754353387,62342.15555769605,64912.209084809554,67588.21299289947
55,3064,48045,49167,50768.0,50542.0,50317.00606681374,50093.01372181098,49870.018506298664,49648.015981432145,49427.00172812684,49206.97134697027
56,3065,52692,56844,58734.0,63220.0,68048.63281915073,73246.06815178106,78840.47448761531,84862.17177626315,91343.79575195552,98320.47480911615
57,3066,55002,60000,62118.0,64278.0,66513.10866415531,68825.93771072113,71219.18967400324,73695.66106226183,76258.24562542365,78909.9377364207
58,3067,56639,59265,62399.0,64079.0,65804.23149409446,67575.9122727941,69395.29291380268,71263.65766476326,73182.32534977107,75152.65030029297
59,3068,57098,60153,63269.0,65290.0,67375.55674975106,69527.73238380955,71748.65490744164,74040.52030072965,76405.59468988981,78846.21658794837
60,3070,55435,57896,60646.0,62956.0,65353.98766612802,67843.31443967872,70427.45941800636,73110.03421693118,75894.78801835437,78785.61281013617
61,3071,51678,53871,56863.0,58879.0,60966.4745264935,63127.95761119551,65366.07312645447,67683.53797042914,70083.16536519173,72567.86827176061
62,3072,49203,50804,53174.0,55000.0,56888.705006206044,58842.268314238776,60862.917164086444,62952.95527936124,65114.76549375387,67350.81246768088
63,3073,46592,48167,50138.0,50961.0,51797.5092943476,52647.74963399513,53511.94640986928,54390.32871262013,55283.12939335104,56190.58512534529
64,3074,43530,44505,46210.0,46435.0,46661.09554209046,46888.291960549024,47116.59461562635,47346.00889367257,47576.540207264356,47808.193995332615
65,3075,44182,45511,46951.0,46976.0,47001.01331175055,47026.039942339754,47051.0798988595,47076.13318840544,47101.19981807702,47126.27979497745
66,3076,46800,48371,50226.0,50437.0,50648.88641341138,50861.66296406702,51075.333391443644,51289.90145072758,51505.37091288072,51721.74556470682
67,3078,55454,57710,58476.0,61873.0,65467.339233189676,69270.48157150189,73294.55684851111,77552.39954661619,82057.58973164688,86824.49636545227
68,3079,56696,59978,62144.0,63288.0,64453.059732234804,65639.5668823004,66847.91627264139,68078.50999393228,69331.75753887722,70608.07593847292
69,3081,47415,48517,50124.0,52248.0,54462.004309312906,56769.8268524655,59175.443168693986,61682.99726035279,64296.80873152408,67021.38022912516
70,3082,47850,49810,51187.0,51735.0,52288.86680211773,52848.66321541721,53414.45272138648,53986.29948113641,54564.2683426767,55148.424848269664
71,3083,44968,45678,47727.0,48802.0,49901.213233599425,51025.18507817627,52174.473195154904,53349.647806691166,54551.29197858952,55780.00190959259
72,3084,54746,57844,60744.0,61565.0,62397.096421045695,63240.439239458676,64095.18045860123,64961.47413627328,65839.47641247966,66729.3455375726
73,3085,54600,56780,59404.0,61503.0,63676.166739613494,65926.12085021965,68255.57556142783,70667.33997297313,73164.32244222218,75749.53409137417
74,3086,45368,58808,60564.0,69276.0,79241.20229839509,90639.87732685453,103678.22702752748,118592.11504456431,135651.33349559535,155164.4835090295
75,3087,54231,55732,58161.0,59978.0,61851.76465329001,63784.06733678975,65776.73682924942,67831.65904205089,69950.77880408055,72136.10170236316
76,3088,53360,55938,57779.0,59926.0,62152.78000657679,64462.30455137889,66857.64832458041,69342.00026824289,71918.66782178168,74591.0813251889
77,3089,52160,54995,57124.0,59226.0,61405.347594706254,63664.8889546263,66007.574981211,68436.46516065407,70954.73155950036,73565.66296728115
78,3090,50000,52358,53458.0,53374.0,53290.13199146994,53206.395767008056,53122.79111953848,53039.31784231073,52955.9757288992,52872.76457320262
79,3091,45000,45294,47489.0,49812.0,52248.63324138222,54804.45827496328,57485.30555691784,60297.290749461805,63246.828672159696,66340.64793568235
80,3093,53296,56794,58544.0,60804.0,63151.24378245422,65589.09925779492,68121.06434939468,70750.77201251357,73481.99544699499,76318.65351118958
81,3094,53738,56414,59541.0,59860.0,60180.709091214456,60503.136430360544,60827.29122321395,61153.182724871716,61480.82024001647,61810.2131231821
82,3095,52923,55960,57405.0,59781.0,62255.34293180037,64832.099221425975,67515.50777033475,70309.98292863656,73220.12175693444,76250.7115887344
83,3096,49534,51610,54342.0,55488.0,56658.16760516728,57853.012477927245,59073.05502880327,60318.82664307968,61590.86991224477,62889.73887031464
84,3097,48810,51692,52863.0,48781.0,45014.20579611448,41538.27767891078,38330.75541408824,35370.91311228342,32639.6253056069,30119.24336554509
85,3099,48076,51399,52741.0,53926.0,55137.624921787596,56376.47298178491,57643.15583731315,58938.29888858665,60262.54158749215,61616.537753305805
86,3101,52960,55507,57562.0,59510.0,61523.92376915326,63606.00228453338,65758.54202342832,67983.92751840137,70284.6239988198,72663.18012177768
87,3102,53173,56178,56954.0,57486.0,58022.96934368087,58564.95444904376,59112.002167674436,59664.15978879329,60221.47504334324,60783.99610811584
88,3103,48697,50000,52116.0,53014.0,53927.473251976364,54856.68637232856,55801.910571468,56763.42173297652,57741.50049412882,58736.432327802315
89,3104,49309,50764,54252.0,53284.0,52333.27169505272,51399.50691217262,50482.402977000034,49581.66261569103,48696.99385855786,47828.10994542868
90,3105,49326,51552,53110.0,54155.0,55220.561570325735,56307.08928339277,57414.99567204172,58544.70138616869,59696.635352437675,60871.23493713542
91,3106,48940,50348,52187.0,53396.0,54633.0085270278,55898.67444591903,57193.66165355917,58518.649427126395,59874.33278040203,61261.42282833553
92,3107,50237,51330,53899.0,54282.0,54667.721553275565,55056.18399886647,55447.40681323345,55841.409611234674,56238.212147109225,56637.834315467495
93,3108,45478,47215,48868.0,48828.0,48788.03274126218,48748.09819698677,48708.19634039597,48668.32714473386,48628.49058326646,48588.686629281634
94,3109,48000,49876,50977.0,50934.0,50891.03627125959,50848.108783183314,50805.21750520154,50762.36240677041,50719.54345737183,50676.76062651346
95,3111,49503,50232,52564.0,53788.0,55040.501940491595,56322.16951478506,57633.68187088614,58975.733971372494,60349.03696165026,61754.31854678572
96,3113,50910,53599,55115.0,56037.0,56974.42382291573,57927.5294886098,58896.579333270936,59881.840081620314,60883.582920325825,61902.08357264444
97,3114,49326,51049,51210.0,52199.0,53207.10019527435,54234.669460908524,55282.083795937586,56349.72646092845,57437.98811821917,58547.26697486667
98,3115,46684,48183,50281.0,54405.0,58867.2465742527,63695.4823864326,68919.72552721437,74572.45614264031,80688.81836956993,87306.83883368372
99,3116,49169,51344,52980.0,54276.0,55603.702831257084,56963.884010368245,58357.33802466491,59784.87879627619,61247.34015754411,62745.57633806841
100,3121,61703,64687,67857.0,69288.0,70749.1775940581,72241.16918132393,73764.62458162861,75320.20731850632,76908.59490818436,78530.47915466758
101,3122,55076,57163,59835.0,61287.0,62774.23529706694,64297.56093676513,65857.85271382175,67456.00767564123,69092.94463803835,70769.60471348636
102,3123,56797,59537,60581.0,63192.0,65915.53232861789,68756.44705287172,71719.80327437761,74810.87813859907,78035.17623238891,81398.43938655884
103,3124,54127,57976,58946.0,59962.0,60995.511892240356,62046.837513699254,63116.28390385157,64204.163394339696,65310.79370018995,66436.4980126012
104,3125,41590,41909,41948.0,44559.0,47332.518379898924,50278.67088990932,53408.20292227208,56732.52870252507,60263.77292018248,64014.814950662985
105,3126,54674,57768,58703.0,59292.0,59886.90976611076,60487.788594317826,61094.69637555649,61707.69360168126,62326.84137149525,62952.20139683996
106,3127,56154,58924,60738.0,61843.0,62968.103147946924,64113.67517828183,65280.08847921373,66467.72221377087,67676.9624430543,68908.2022517338
107,3128,40000,43348,44494.0,43707.0,42933.92028138625,42174.51462531013,41428.541167987365,40695.76232366665,39975.94470896072,39268.85906851589
108,3129,49659,50784,52115.0,52417.0,52720.75005276792,53026.26029964379,53333.54094073547,53642.60223525916,53953.454501881984,54266.108119066455
109,3130,51064,53574,54844.0,55540.0,56244.832616147614,56958.609939115275,57681.44548206663,58413.45419870871,59154.75250157322,59905.4582805298
110,3131,50090,52031,53152.0,54499.0,55880.136231938595,57296.273790345076,58748.299693332636,60237.1234381949,61763.67757108263,63328.91827111741
111,3132,53410,54855,56357.0,58197.0,60097.07417002325,62059.18387197407,64085.35450427231,66177.67759258185,68338.31294879937,70569.4909005319
112,3133,49194,51620,53058.0,54000.0,54958.72441479136,55934.47017224044,56927.53947191722,57938.23987868992,58966.884417981375,60013.791672716536
113,3134,49854,51846,53640.0,54943.0,56277.651920208795,57644.72463557106,59045.00569821366,60479.30179114379,61948.43919296818,63453.26425390102
114,3135,51542,53176,55649.0,57001.0,58385.8470233068,59804.3390928051,61257.29361945378,62745.547873321804,64269.959466067965,65831.4068451426
115,3136,50000,52000,53705.0,54671.0,55654.37558886509,56655.439303953885,57674.50930428196,58711.90947163948,59767.96951352764,60843.025067946546
116,3137,48852,50604,52140.0,53667.0,55238.72054085155,56856.471332295354,58521.600440933915,60235.49541357116,61999.58443345077,63815.337510356774
117,3138,49058,51089,53062.0,54333.0,55634.4444046587,56967.062452194055,58331.60084834834,59728.82418478968,61159.51536753566,62624.47605563897
118,3139,45306,47813,50000.0,50252.0,50505.270079999995,50759.81664120319,51015.64611707485,51272.764973504905,51531.179708971365,51790.89685470458
119,3140,47984,49578,51348.0,52999.0,54703.08485237984,56461.96140241644,58277.391375840714,60151.19314341712,62085.24354225995,64081.479755710745
120,3141,59628,62460,65269.0,67023.0,68824.13594508878,70673.6745384131,72572.91652374115,74523.19760024978,76525.88936189526,78582.40026202801
121,3142,53508,57792,60000.0,60000.0,60000.0,60000.0,60000.0,60000.0,60000.0,60000.0
122,3143,58114,60406,65311.0,66994.0,68720.36924867175,70491.22532874272,72307.71462194408,74171.01305113261,76082.32684153633,78042.89330161666
123,3144,56493,59253,60770.0,61607.0,62455.52820470627,63315.74339488793,64187.80653824027,65071.88081950582,65968.1316710103,66876.72680361908
124,3145,52972,54122,55268.0,58016.0,60900.63429109068,63928.696515739975,67107.31810554335,70443.98507655792,73946.55565972324,77623.27880789069
125,3146,58650,60092,62658.0,64900.0,67222.22222222222,69627.53714166142,72118.91794334045,74699.44419743361,77372.30566589168,80140.80624527385
126,3147,54999,56708,57620.0,60004.0,62486.63686220063,65071.99163969952,67764.3142372185,70568.03039725892,73487.74897530586,76528.26951604048
127,3148,49416,51321,53140.0,53624.0,54112.40828001506,54605.26499073255,55102.61064853297,55604.48613882071,56110.93271938505,56621.99202379194
128,3149,50122,51956,53424.0,54208.0,55003.50524109014,55810.68456328643,56629.70928434094,57460.753236102755,58303.99280141244,59159.606951537986
129,3150,48444,49813,51446.0,51535.0,51624.15396726665,51713.462168158585,51802.92486949525,51892.54233855766,51982.31484308923,52072.24265129657
130,3151,46154,46533,48762.0,48442.0,48124.09999589845,47808.28620649917,47494.54494104493,47182.8625986239,46873.22566758006,46565.620724927474
131,3152,48642,50562,52423.0,52670.0,52918.16378307231,53167.49683258147,53418.004657727826,53669.692793669274,53922.56680164356,54176.63226909116
132,3153,48998,50966,52269.0,52820.0,53376.80843329699,53939.48653019471,54508.096166463576,55082.69987014495,55663.3608284271,56250.14289459373
133,3154,48307,50672,54074.0,55065.0,56074.16179679698,57101.81823687217,58148.30826669686,59213.97704452533,60299.17605423655,61404.26322126226
134,3155,49170,51116,52968.0,54024.0,55101.053013140016,56199.57876419492,57320.00534581005,58462.769385327796,59628.31621494014,60817.10004523347
135,3156,49048,51229,53349.0,53989.0,54636.677744662506,55292.125339867365,55955.43599644041,56626.7040434089,57306.02494141602,57993.49529629627
136,3158,50793,53144,54999.0,55598.0,56203.52377315952,56815.642370590795,57434.427617231355,58059.95212027181,58692.28927767545,59331.51328679067
137,3159,50285,50854,52855.0,54945.0,57117.643080124864,59376.19712491648,61724.059238076545,64164.760852069165,66701.97303976804,69339.51203613763
138,3160,50352,52000,54364.0,55000.0,55643.4405121036,56294.40858225477,56952.99227474087,57619.280684106176,58293.363947204765,58975.33325539442
139,3161,50348,51748,53295.0,54231.0,55183.43861525471,56152.60455096872,57138.79158276732,58142.2986457464,59163.42992508627,60202.49494825693
140,3162,52000,54780,55766.0,56000.0,56234.98188860596,56470.94978592572,56707.90782935552,56945.86017365257,57184.81099100785,57424.76447111931
141,3163,52534,54764,55916.0,59036.0,62330.08970598755,65807.98297236356,69479.93566700864,73356.77591454185,77449.93602709229,81771.48621674333
142,3165,54210,56128,58376.0,60115.0,61905.804183225984,63749.95577762488,65649.04398334795,67604.70534224616,69618.62514816239,71692.53889923567
143,3166,50718,51947,53672.0,54129.0,54589.891209569236,55054.7067611189,55523.4800691721,55996.244832766,56473.03503787433,56953.88495985057
144,3167,49710,51334,52222.0,54160.0,56169.920723066905,58254.43120449817,60416.29952961627,62658.396509593986,64983.69949369251,67395.29632297473
145,3168,39706,38498,37730.0,36903.0,36094.12692817387,35302.98346224226,34529.180988792104,33772.33941238789,33032.086968866955,32308.0600427272
146,3169,44718,45937,46798.0,47514.0,48240.954656181886,48979.031572584856,49728.40091755624,50489.23546298489,51261.71062413488,52046.004500088566
147,3170,49999,51634,53173.0,53331.0,53489.46948639347,53648.40985422771,53807.822502695315,53967.70883514648,54128.07025910136,54288.90818626247
148,3171,38694,40000,40526.0,40649.0,40772.373315895966,40896.121080734716,41020.24443100196,41144.74450663274,41269.62245102192,41394.87941103464
149,3172,45078,46330,47426.0,47430.0,47434.00033736769,47438.00101213151,47442.00202431994,47446.00337396142,47450.00506108443,47454.007085717414
150,3173,47704,49110,50284.0,50651.0,51020.678565746566,51393.05524687037,51768.149735685925,52145.981868233,52526.57162532555,52909.9391336084
151,3174,42732,43472,44666.0,44524.0,44382.45143957372,44241.352883526175,44100.70290122508,43960.50006658634,43820.7429580596,43681.43015861384
152,3175,42250,43592,45000.0,45342.0,45686.599200000004,46033.81735392001,46383.6743658098,46736.19029098996,47091.385337201486,47449.27986576422
153,3177,42025,43504,45055.0,44803.0,44552.40947730552,44303.22054847895,44055.42537417606,43809.01615889935,43563.98515075281,43320.32464119805
154,3178,50748,52612,54788.0,55520.0,56261.77995181427,57013.47052136834,57775.20412036159,58547.1149295918,59329.33892259139,60122.013889579364
155,3179,47882,49984,51812.0,52130.0,52449.95174862966,52771.867224891226,53095.758481308956,53421.637644380375,53749.51691503028,54079.408569067564
156,3180,49000,50768,52954.0,53858.0,54777.43256411225,55712.56114812776,56663.65370540214,57630.98276363539,58614.82550296247,59615.46383537698
157,3181,57515,62220,64803.0,66790.0,68837.92571331575,70948.64525395984,73124.08401635692,75366.22643168493,77677.11777806949,80058.86604628275
158,3182,52401,56514,57970.0,59040.0,60129.74987062274,61239.61415148468,62369.964110810004,63521.177869626066,64693.64052825122,65887.74429511734
159,3183,51931,54315,57267.0,58053.0,58849.78799308502,59657.51204642402,60476.32225943481,61306.370791677036,62147.811891127996,63000.80192284655
160,3184,60320,62955,64548.0,66076.0,67640.17128338601,69241.37010784243,70880.47300064753,72558.37723850136,74276.00133871251,76034.28556201226
161,3185,55356,57592,60544.0,62157.0,63812.973193049686,65513.064461555055,67258.44918962866,69050.33407570938,70889.95796683186,72778.59271512236
162,3186,55596,58333,60517.0,62768.0,65102.72855561247,67524.30004756818,70035.94469960108,72641.01288736322,75342.97960761463,78145.44911364996
163,3187,56839,59134,61966.0,62233.0,62501.15045347449,62770.45631751409,63040.922570568604,63312.55421253907,63585.356264870155,63859.333770643
164,3188,57202,60000,61912.0,64318.0,66817.50103372529,69414.13670188563,72111.68181276457,74914.05786977308,77825.33877225844,80849.75673785564
165,3189,52265,54727,57136.0,58165.0,59212.53194133296,60278.92957798292,61364.532674730064,62469.687115403154,63594.745013081505,64740.06482228168
166,3190,56274,58833,60902.0,63340.0,65875.59686053003,68512.6975328556,71255.36536946363,74107.82638504198,77074.47576809561,80159.88465323267
167,3191,59761,60698,62938.0,65999.0,69208.87223934666,72574.85714392959,76104.5472789445,79805.90447524641,83687.27778864578,87757.42233265807
168,3192,54001,56607,59504.0,59828.0,60153.76418392041,60481.30215776402,60810.62357983842,61141.73816104083,61474.65566514437,61809.385909086064
169,3193,56054,58571,59796.0,61215.0,62667.67384105961,64154.82062647107,65677.2584227946,67235.82470986976,68831.37684150574,70464.79251710439
170,3194,54624,56767,59819.0,60927.0,62055.52297764924,63204.94907068382,64375.66545795739,65568.06648986058,66782.55382115608,68019.53654627419
171,3195,55386,57438,59343.0,60888.0,62473.22420504525,64099.71985569983,65768.56145752408,67480.85149092102,69237.72113946379,71040.33103718502
172,3196,54085,56396,58166.0,59824.0,61529.26066774404,63283.129150828994,65086.99099678839,66942.27124766819,68850.43556580307,70812.99139168247
173,3197,51812,55216,56709.0,58096.0,59516.92352183957,60972.60027376239,62463.8802571814,63991.63426301312,65556.75438015148,67160.15451637801
174,3198,50310,52347,54085.0,55384.0,56714.19905703985,58076.346502266715,59471.2096640758,60899.57430036377,62362.24504116386,63860.045841912164
175,3199,48111,49859,51193.0,52293.0,53416.63604399039,54564.41600703982,55736.858677087366,56934.493989430775,58157.86326625327,59407.519461297095
176,3200,43436,44539,46146.0,45722.0,45301.89580895419,44885.65163127906,44473.232000289114,44064.60177517485,43659.72613800859,43258.57059077772
177,3201,49007,50673,52771.0,53912.0,55077.670387144455,56268.54457773648,57485.16752145931,58728.09595074785,59997.89863555207,61295.15664360886
178,3202,53524,54358,57340.0,57036.0,56733.61171956749,56432.82661383417,56133.63618323414,55836.031973263736,55540.0055742426,55245.54862107605
179,3204,53901,55304,57544.0,59764.0,62069.645766717644,64464.24144310638,66951.21864322622,69534.1413699738,72216.71112253431,75002.77220087482
180,3205,61408,63360,66561.0,68851.0,71219.78637640661,73670.06973756362,76204.6539490241,78826.43934202098,81538.42603232354,84343.71735327756
181,3206,67523,70000,71490.0,74582.0,77807.73148692124,81172.97845513442,84683.77506141887,88346.41644468796,92167.47001367628,96153.78722282843
182,3207,70782,73326,74347.0,75000.0,75658.73538945755,76323.25654309275,76993.61427807384,77669.85985790333,78352.04499633811,79040.22186134421
183,3211,47883,48116,52552.0,54049.0,55588.64364819608,57172.14569457585,58800.75549258126,60475.757984825024,62198.47471688628,63970.26487998529
184,3212,52499,54413,56564.0,57824.0,59112.06732197157,60428.82718382158,61774.91873059364,63150.99534470417,64557.72496308913,65995.79040141549
185,3214,41272,42724,44411.0,44738.0,45067.407714305016,45399.24087101344,45733.517328756374,46070.255077658745,46409.472240307514,46751.18707272697
186,3215,47078,49152,51732.0,51914.0,52096.64030000773,52279.92315268309,52463.850818611114,52648.42556632988,52833.6496723585,53019.52542122515
187,3216,46270,48181,50315.0,51028.0,51751.10372652291,52484.45435669306,53228.19709655835,53982.47920984159,54747.45004709921,55523.26107529323
188,3217,52786,53558,55153.0,55382.0,55611.950827697496,55842.85643101087,56074.720774250614,56307.54783818736,56541.341620120256,56776.10613394557
189,3218,49276,51947,54692.0,55350.0,56015.916404592994,56689.84445612196,57371.880542791456,58062.122212453505,58760.668186559305,59467.61837427883
190,3219,44778,46697,48451.0,48810.0,49171.66002765681,49535.99979257248,49903.03915038829,50272.79810386685,50645.29680398219,51020.555551017955
191,3220,48654,50865,52212.0,53608.0,55041.32505937332,56512.973143776995,58023.96890162409,59575.364377504484,61168.23974468053,62803.70405716758
192,3221,47022,51042,52818.0,54977.0,57224.251751296906,59563.36265157806,61998.08755529947,64532.33480116057,67170.17248595943,69915.83499489931
193,3222,44658,46820,49770.0,50293.0,50821.49586096042,51355.54533524779,51895.20678211006,52440.539174053876,52991.60210328897,53548.45578824015
194,3223,41140,43006,45374.0,47412.0,49541.537973288665,51766.72540198268,54091.85843784552,56521.42619683369,59060.11942619735,61712.839560868975
195,3224,47030,48769,50853.0,51552.0,52260.60810571648,52978.95638538328,53707.17872257839,54445.41084117675,55193.79033064606,55952.45667169028
196,3225,41026,42481,46733.0,49214.0,51826.71337170736,54578.1326230973,57475.62148616846,60526.93462478964,63740.238388812984,67124.13266999855
197,3226,46893,49999,51704.0,53289.0,54922.588600495124,56606.255298077216,58341.535250256005,60130.010675206795,61973.31229442779,63873.12081962251
198,3227,46927,50000,50426.0,51990.0,53602.508626502204,55265.03041073751,56979.116548095095,58746.366345446084,60568.42871335704,62447.00370458558
199,3228,48687,51459,54212.0,56083.0,58018.57317568066,60020.948118713546,62092.430335383535,64235.404901116264,66452.33920662037,68745.78579880636
200,3230,41714,44938,46548.0,48062.0,49625.24370542236,51239.33279560904,52905.92104542756,54626.71601970739,56403.48082278888,58238.035904977216
201,3231,37828,38302,39581.0,39450.0,39319.43356661024,39189.29926486885,39059.5956645632,38930.32134021421,38801.47487106062,38673.05484104347
202,3232,35941,36731,38098.0,35186.0,32496.57714315712,30012.718866059276,27718.71295136652,25600.048136563135,23643.322319625975,21836.15778094282
203,3233,32420,33661,35944.0,37292.0,38690.55375027821,40141.55715711593,41646.97722855462,43208.854740909715,44829.307005286144,46510.53073784584
204,3235,36889,42648,41094.0,40034.0,39001.34219107412,37995.32129453111,37015.25022400492,36060.45961619246,35130.29737369564,34224.1282196557
205,3236,45710,43526,40638.0,44208.0,48091.6202569024,52316.41193752501,56912.34654594481,61912.02854724957,67350.92667003318,73267.62552854045
206,3237,26240,32480,40180.0,31114.0,24093.60368342459,18657.251991191453,14447.529578246164,11187.666383712074,8663.341260896403,6708.591338763829
207,3238,31644,32601,39088.0,34594.0,30616.68123209169,27096.64015920436,23981.30294892334,21224.14025314813,18783.972265590626,16624.353677748724
208,3239,43745,45631,45364.0,40997.0,37050.3925800194,33483.708328257104,30260.373651652335,27347.335741927316,24714.723644559435,22335.54195520684
209,3240,43152,46139,52743.0,51474.0,50235.53222228542,49026.862059608284,47847.27257941863,46696.06409861014,45572.553768497404,44476.075169778655
210,3241,44280,45733,48733.0,52863.0,57343.00718199167,62202.68378022337,67474.20582919066,73192.47620192694,79395.35570275714,86123.91374458479
211,3242,40175,44155,43705.0,44952.0,46234.57965907791,47553.75414334447,48910.56758383756,50306.09390295541,51741.43766446978,53217.73494779191
212,3243,37771,39924,34065.0,39377.0,45517.338294437104,52615.18362013943,60819.84692236108,70303.92227394135,81266.91758053687,93939.45144778512
213,3249,42041,43662,46884.0,45468.0,44094.766316867164,42763.00731369585,41471.4703638581,40218.94067280735,39004.24013546636,37826.226228124404
214,3250,43755,46004,47314.0,48362.0,49433.213087035554,50528.15342848234,51647.346580468,52791.32974013175,53960.65200347152,55155.874628902435
215,3251,39557,43690,46740.0,52088.0,58047.91921266581,64689.77355475688,72091.59017800976,80340.32411622106,89532.87981527006,99777.2495468076
216,3254,40006,46131,44306.0,47926.0,51841.77032456101,56077.476742989915,60659.25947692265,65615.39452198337,70976.46815015066,76775.565669754
217,3260,40440,42120,43935.0,45566.0,47257.547649937405,49011.89066159207,50831.36018859916,52718.37392406303,54675.4393131639,56705.1568850262
218,3264,42574,42720,44959.0,47884.0,50999.29838297115,54317.275823977194,57851.11847584074,61614.870372943304,65623.4892443786,69892.9059582692
219,3265,39825,43799,43509.0,45071.0,46689.076765726626,48365.24348773965,50101.58563138462,51900.26353150236,53763.51508029011,55693.65851165863
220,3266,42232,42761,44458.0,46502.0,48639.97489765621,50876.24528073258,53215.33038023813,55661.95720324426,58221.07008559234,60897.84068379628
221,3267,33269,40445,34355.0,42652.0,52952.79010333285,65741.30122216135,81618.33735199028,101329.8013313081,125801.7373419576,156183.83644619928
222,3268,35788,38556,40580.0,40518.0,40456.09472646624,40394.28403467124,40332.56778010866,40270.94581849292,40209.4180057589,40147.98419806158
223,3269,36474,39197,45378.0,39673.0,34685.242386178325,30324.55421540951,26512.099241657666,23178.952646971764,20264.854959745047,17717.12263250838
224,3270,40423,39067,43756.0,38996.0,34753.81698509919,30973.120192680504,27603.706806695514,24600.835328501194,21924.63146700413,19539.55865909345
225,3272,36872,40101,41600.0,41769.0,41938.68656250001,42109.06247666017,42280.1305429716,42451.89357330243,42624.35439094397,42797.51583065718
226,3273,39044,27381,23744.0,32663.0,44932.259476078165,61810.24221980884,85028.1309646907,116967.39562414472,160904.06179546154,221344.73426655828
227,3274,35916,39538,38716.0,37742.0,36792.503461101354,35866.89393607003,34964.5704859788,34084.9472900561,33227.453265350174,32391.531695961523
228,3275,42183,44505,46974.0,50672.0,54661.12283390812,58964.28697236327,63606.21512887111,68613.57629774252,74015.13897388362,79841.93643472198
229,3276,40759,43737,44140.0,43744.0,43351.55269596738,42962.62621505204,42577.188970349715,42195.20965833661,41816.65725632707,41441.50101995404
230,3277,42460,45982,47459.0,49041.0,50675.73444446786,52364.96118525777,54110.49667052038,55914.217897953815,57778.06443316449,59704.04049530795
231,3278,42534,44516,49838.0,48402.0,47007.375978169264,45652.93575374912,44337.521496708636,43060.0087379849,41819.305408241606,40614.350904324216
232,3280,42149,44381,46242.0,47732.0,49270.01046667532,50857.57838318728,52496.30057926334,54187.82533734263,55933.85405047442,57736.142933637064
233,3281,44953,46824,47658.0,48113.0,48572.343971631206,49036.073387617864,49504.23011663222,49976.8564270747,50453.9949908902,50935.688887420794
234,3282,42224,45844,47522.0,47452.0,47382.103110138465,47312.30917853395,47242.61805352874,47173.02958368852,47103.54361780202,47034.160004880716
235,3283,40954,44021,43007.0,46066.0,49342.5804171414,52852.21730174241,56611.487483946,60638.14686993877,64951.21430721974,69571.0614150344
236,3284,41054,45295,45426.0,45302.0,45178.3384845683,45055.014529738764,44932.02721406739,44809.375618625476,44687.05882699272,44565.075925250385
237,3285,40202,44058,46974.0,48458.0,49988.88244560821,51568.12844444336,53197.265895193865,54877.87096583864,56611.56961856791,58400.039182879125
238,3286,35886,39154,39392.0,40139.0,40900.16554122665,41675.765248255906,42466.07283965637,43271.36722458791,44091.93260123209,44928.05855708913
239,3287,37170,35108,36675.0,38438.0,40285.74898432175,42222.32091232064,44251.98558221624,46379.21804524139,48608.70847233779,50945.37249515256
240,3289,38320,40057,39400.0,40970.0,42602.56091370559,44300.17565062228,46065.436457004944,47901.03887420032,49809.78585472049,51794.59204233245
241,3292,27899,38383,38571.0,41536.0,44728.92318062793,48167.29027586947,51869.96885998585,55857.27688077499,60151.09415156127,64774.98241371105
242,3293,38399,38265,39977.0,38816.0,37688.71741251219,36594.173026592114,35531.4160692448,34499.52337953838,33497.5986067029,32524.771431517616
243,3294,32164,35514,36535.0,43645.0,52138.662241686055,62285.25834236726,74406.46230607963,88886.5484425577,106184.57388190588,126848.93190299116
244,3300,41540,42806,45316.0,45299.0,45282.00637743843,45265.019129922846,45248.03825506168,45231.06375046427,45214.095613740865,45197.13384250259
245,3301,38668,40460,43977.0,44894.0,45830.1211087614,46785.76203599005,47761.329805210386,48757.23992712361,49773.916576580654,50811.792773245375
246,3302,35000,37956,43411.0,47997.0,53067.47158554284,58673.59502640574,64871.9573491142,71725.12351444183,79302.2679349166,87679.87270673775
247,3303,37048,41491,45131.0,48968.0,53131.21854157896,57648.39045321482,62549.60855538373,67867.52413507413,73637.56446447696,79898.16881293363
248,3304,42038,43633,45752.0,47844.0,50031.656233607275,52319.34256077781,54711.632835238976,57213.310049160114,59829.375895961195,62565.060770378725
249,3305,45672,47224,49104.0,49302.0,49500.79838709678,49700.39838059314,49900.80321277296,50102.0161289535,50304.040387538,50506.8792600684
250,3309,25921,29335,33028.0,34641.0,36332.77464575512,38107.17108222124,39968.224338719454,41920.16650471057,43967.436353690166,46114.68943708917
251,3310,36886,39673,41330.0,43189.0,45131.616767481246,47161.61133730335,49282.91391354451,51499.63147863716,53816.05574475829,56236.671462868755
252,3311,40147,41366,43740.0,43476.0,43213.59341563786,42952.77062959011,42693.52208258023,42435.838273028305,42179.70975670275,41925.12714637423
253,3312,33700,40215,39346.0,39579.0,39813.37978447619,40049.14752426633,40286.31143859445,40524.87979535734,40764.860911412805,41006.26315286961
254,3314,32542,34144,37060.0,37029.0,36998.02593092283,36967.07777107775,36936.15549879217,36905.25909241164,36874.388530299795,36843.5437908384
255,3315,36084,37884,38832.0,40380.0,41989.709517923366,43663.58854382328,45404.19513286939,47214.18931461851,49096.337158124625,51053.514999100546
256,3317,34850,30724,33670.0,34591.0,35537.19278289279,36509.26746519289,37507.93201332009,38533.91375921459,39587.9599300562,40670.83819247324
257,3318,37436,35842,40400.0,45292.0,50776.36792079209,56924.833066052364,63817.81037692188,71545.45216810757,80208.82721777051,89921.24263235797
258,3319,43933,41438,49410.0,50116.0,50832.08775551507,51558.40740650462,52295.105152487056,53042.32928196805,53800.230202289225,54568.960469903395
259,3321,50652,52778,53599.0,54702.0,55827.6983525812,56976.5621612884,58149.06814206977,59345.70282108809,60566.96273660256,61813.35464500519
260,3324,31527,38224,40400.0,43698.0,47265.22782178217,51123.66151871875,55297.07329319237,59811.17595955248,64693.78136337931,69974.9717330928
261,3325,34636,39500,39402.0,36458.0,33733.96690523323,31213.465444165096,28881.288339763745,26723.364557410958,24726.67440825564,22879.170995791686
262,3328,48353,50672,54019.0,52874.0,51753.26970140136,50656.294677648526,49582.57140609764,48531.60703689455,47502.919166751744,46496.03561752035
263,3329,32141,37988,36672.0,44528.0,54066.93891797557,65649.3416268438,79712.96585842334,96789.34728795469,117523.88896264306,142700.2543556002
264,3330,44342,48170,45849.0,48906.0,52166.826670156384,55645.07023338935,59355.22704604549,63312.760014698266,67534.16304126226,72037.02976501062
265,3331,51368,52990,54540.0,56460.0,58447.5907590759,60505.15170989045,62635.14604951255,64840.12368821925,67122.72430210595,69485.68049315919
266,3332,44342,47230,49693.0,54072.0,58836.88213631699,64021.65075312283,69663.30669355558,75802.11135439474,82481.87400951509,89750.2644525889
267,3333,43202,46514,50171.0,48097.0,46108.73630184768,44202.664684976735,42375.38744201483,40623.647322130055,38944.321724751135,37334.41713331118
268,3334,42994,44928,46494.0,49907.0,53570.53918785219,57503.008974236225,61724.15083402605,66255.15541088609,71118.76889687039,76339.40722106316
269,3335,54027,53037,55242.0,55394.0,55546.41823250426,55699.2558482919,55852.51400130845,56006.19384867457,56160.29655069475,56314.8232708661
270,3337,48100,49798,51291.0,51532.0,51774.132381899355,52017.402466398344,52261.81559919751,52507.37715111512,52754.09251820522,53001.96712187619
271,3338,49978,50673,52408.0,52948.0,53493.56403602504,54044.74943862491,54601.614129070214,55164.216625439054,55732.61604876636,56306.872129256626
272,3340,51442,53652,55522.0,56762.0,58029.693526890245,59325.69907376075,60650.64894681042,62005.18957384196,63389.981819646586,64805.70130843233
273,3341,49040,54174,55726.0,55404.0,55083.86060366795,54765.57105992928,54449.12067983207,54134.49883618807,53821.6949632158,53510.698556185765
274,3342,51437,52969,54677.0,57275.0,59996.44503173181,62847.20063632679,65833.41105850022,68961.51248926605,72238.24693788454,75670.67676294122
275,3345,51016,54787,56350.0,59046.0,61870.986974267966,64831.13215408387,67932.9020260876,71183.07245842712,74588.74350275577,78157.35490441379
276,3350,46172,48461,50000.0,50794.0,51600.60872,52420.02638647359,53252.45640549078,54098.10541320997,54957.18332717173,55829.903398407216
277,3351,44509,46163,48714.0,50831.0,53040.00002052799,55344.99817390192,57750.16632133696,60259.857623678596,62878.614420273574,65611.17645023866
278,3352,45454,48314,50473.0,51923.0,53414.65593485626,54949.16450588516,56527.756793514855,58151.69924493634,59822.29469012798,61540.883387068636
279,3355,43370,44864,45840.0,45981.0,46122.43370418848,46264.30244660319,46406.60756538528,46549.3504027919,46692.53230520886,46836.154623163355
280,3356,42986,44130,45583.0,46821.0,48092.62314898098,49398.78262638349,50740.416412914936,52118.48796413335,53533.98690232515,54987.92972717386
281,3357,51516,51843,53813.0,56166.0,58621.886087005,61185.15700597853,63860.50821172932,66652.84047014642,69567.26883552753,72609.1320204456
282,3360,41148,43409,48002.0,49502.0,51048.873046956374,52644.08386255644,54289.14293913314,55985.6079699381,57735.08532410891,59539.23156772717
283,3361,33970,37306,39812.0,46483.0,54271.80973073445,63365.73223434466,73983.45552720393,86380.3115460419,100854.41629646001,117753.83886035242
284,3363,43668,44399,46885.0,47507.0,48137.25176495681,48775.86476693619,49422.9499303154,50078.61965105031,50742.98781619808,51416.16982369889
285,3364,40608,43841,44146.0,45630.0,47163.88574276265,48749.33417392877,50388.07861089044,52081.91063776856,53832.68206409141,55642.306949315695
286,3370,39219,38864,42117.0,44445.0,46901.67925065888,49494.15044508237,52229.919427587105,55116.906924973504,58163.47147898586,61378.43364635484
287,3371,37720,41681,44449.0,43720.0,43002.956196989806,42297.67249954767,41603.956032311726,40921.617083234014,40250.469051699496,39590.32839749605
288,3373,41535,44301,45790.0,48045.0,50411.050993666744,52893.62186046558,55498.450803364685,58231.55861209121,61099.262579557166,64108.19110362141
289,3374,47787,49277,48896.0,54778.0,61367.58188808901,68749.86503324893,77020.20833588249,86285.44200390566,96665.24750674788,108293.7035324901
290,3375,37694,40877,40750.0,47571.0,55533.74333742331,64829.34243692182,75680.89936360264,88348.8604570783,103137.26725898581,120401.05376140402
291,3377,43360,45237,47968.0,47319.0,46678.780874749835,46047.22382030286,45424.21164011239,44809.62872328382,44203.36102312098,43605.29603596276
292,3378,27208,27234,20162.0,21983.0,23968.469844261483,26133.264189385984,28493.57934110069,31067.074429888722,33873.003531011,36932.359717399806
293,3379,35222,37952,41812.0,36533.0,31920.503420070792,27890.360457415245,24369.045694794586,21292.316712138396,18604.042055977996,16255.17718432613
294,3380,42488,44686,47322.0,48146.0,48984.34799881662,49837.29383269991,50705.09168820358,51588.0001779352,52486.28241762538,53400.206104538935
295,3381,38612,40735,43684.0,43575.0,43466.27197600952,43357.815249396,43249.62914322019,43141.71298223193,43034.066092865956,42926.68780323766
296,3384,34761,35378,41052.0,39120.0,37278.92429114294,35524.49377057175,33852.63071969129,32259.449326569305,30741.246654374725,29294.49403486162
297,3385,36580,36043,35666.0,35035.0,34415.163601188804,33806.29329803313,33208.19507925169,32620.678365995147,32043.555951119833,31476.643939535785
298,3387,30050,31074,31676.0,33431.0,35283.23528854654,37238.093159849705,39301.25938966206,41478.73477256574,43776.852575503384,46202.296958317136
299,3388,35658,34580,37766.0,44682.0,52864.511041677695,62545.466355034754,73999.27256462592,87550.587743807,103583.52384601982,122552.53435597778
300,3390,39110,41574,41762.0,43981.0,46317.905296681194,48778.98072059134,51370.82398046855,54100.38335053367,56974.976297586836,60002.30909784413
301,3391,24180,28097,35716.0,35726.0,35736.00279986561,35746.00840038074,35756.016802329556,35766.02800649641,35776.04201366589,35786.058824622785
302,3392,32126,34586,37525.0,37228.0,36933.35067288474,36641.03341372827,36351.029764857456,36063.321414686565,35777.890196561,35494.71808761021
303,3393,39573,42358,43764.0,44807.0,45874.85716570698,46968.1639023817,48087.52673370845,49233.566638270604,50406.91939404513,51608.23593110731
304,3395,34986,36018,37817.0,42026.0,46703.45812729725,51901.513373821144,57678.107757045975,64097.63219180829,71231.64424710938,79159.66578864053
305,3396,36827,37206,39009.0,39410.0,39815.12215129842,40224.4088282876,40637.902840955016,41055.6474393611,41477.68631816301,41904.06362118496
306,3400,42502,44815,46522.0,47102.0,47689.23098748979,48283.78311277985,48885.74765010439,49495.21701163358,50112.2847616604,50737.04563096445
307,3401,39609,42462,44319.0,44210.0,44101.26807915341,43992.80357813516,43884.605839241754,43776.67420638728,43669.00802509943,43561.60664251553
308,3407,26682,29862,36482.0,37867.0,39304.58003947152,40796.7362632166,42345.540597533654,43953.14362718071,45621.77758155945,47353.75943426653
309,3409,37600,39311,39830.0,42223.0,44759.77225709264,47448.95465757526,50299.70405490335,53321.72744941461,56525.31504134153,59921.37526966014
310,3412,33184,35320,37738.0,42057.0,46870.29649159998,52234.46021376915,58212.53625551139,64874.78502565166,72299.50802437415,80573.9681218163
311,3413,37409,41450,40800.0,37234.0,33979.67539215686,31009.785136067854,28299.46911167526,25826.04002215972,23568.7934849288,21508.834721025465
312,3414,44984,45080,45147.0,47345.0,49650.01052118635,52067.24141417077,54602.15617325437,57260.4842851735,60048.234179049316,62971.70680681086
313,3418,40449,42204,43462.0,45356.0,47332.537296949056,49395.208725793134,51547.76786542435,53794.13186931542,56138.388593821495,58584.804037121336
314,3419,36828,39602,38265.0,42569.0,47357.108611002215,52683.77777242266,58609.584110656215,65201.91783631319,72535.7491277673,80694.4807165798
315,3420,33600,33138,35789.0,33540.0,31432.328369051942,29457.10395646713,27606.003707840606,25871.22759398066,24245.46574372325,22721.867642138022
316,3423,38290,39082,44715.0,40688.0,37023.668657050206,33689.34429873776,30655.30673883578,27894.512369221746,25382.35310922273,23096.43706380531
317,3424,35515,37254,40551.0,41858.0,43207.1259401741,44599.73558244698,46037.230450791976,47521.05724172648,49052.709280268966,50633.72802282307
318,3427,53276,54502,56786.0,56946.0,57106.45081534181,57267.353716240876,57428.70997649161,57590.520873477464,57752.78768818102,57915.51170519417
319,3428,50207,50932,54321.0,49474.0,45059.492203751775,41038.885832153595,37377.03351668723,34041.92404787438,31004.402539432947,28237.915561862
320,3429,50882,53653,55881.0,56271.0,56663.72185537123,57059.18456225898,57457.40724938485,57858.409178972004,58262.20974767691,58668.82848752756
321,3430,52000,50764,55470.0,52000.0,48747.07048855237,45697.63233107487,42838.95585390108,40159.10770511729,37646.90103959075,35291.84882024011
322,3431,52621,54641,56462.0,57083.0,57710.83009811909,58345.5654155172,58987.28189957792,59636.056332995766,60291.966342963366,60955.09041045974
323,3433,56782,54476,54437.0,55554.0,56693.91987067619,57857.229907885165,59044.41005754638,60255.95011365306,61492.349920346125,62754.119578134516
324,3434,50700,54154,54519.0,56810.0,59197.27251050092,61684.86309949847,64276.987338038256,66978.03794409202,69792.59222663415,72725.41984253353
325,3435,49521,52746,54604.0,53845.0,53096.550161160354,52358.5038353908,51630.71641302135,50913.04529446807,50205.34986229275,49507.491453650895
326,3437,55544,58986,60838.0,61296.0,61757.44791084519,62222.36968906221,62690.79148658334,63162.73965221756,63638.240733132705,64117.3214763487
327,3438,54323,57941,61508.0,60368.0,59249.128958834626,58150.995268695595,57073.21457990206,56015.40966637718,54977.21029361802,53958.25308911252
328,3440,52424,56460,57538.0,61177.0,65046.14913622302,69160.00322754902,73534.03867794792,78184.71069903055,83129.51521489436,88387.0546821508
329,3441,58664,60000,64150.0,65406.0,66686.59136399065,67992.2555690284,69323.48351906269,70680.77572950607,72064.64251541815,73475.60418337396
330,3442,52704,55970,57365.0,58086.0,58816.0619890177,59555.29986392542,60303.82895312424,61061.7660345363,61829.22935382333,62606.33864283416
331,3444,46678,48880,49968.0,50947.0,51945.18109590138,52962.919094077966,54000.597163904706,55058.60598201756,56137.34387939979,57237.21699135009
332,3446,43744,50152,46631.0,49708.0,52988.03937294933,56484.51590466783,60211.71144923396,64184.85026524248,68420.16120144696,72934.94398579326
333,3447,44373,42690,45032.0,46950.0,48949.69133060934,51034.55338364071,53208.213744935405,55474.45450623373,57837.21884588012,60300.61788981327
334,3448,45674,47388,48851.0,47292.0,45782.75294262144,44321.671043836424,42907.21719115498,41537.903326525586,40212.28888084272,38928.97925841465
335,3450,41560,44666,44933.0,46680.0,48494.92355284534,50380.41153376851,52339.207495522525,54374.16166049432,56488.235068031834,58684.50388301974
336,3451,42887,44981,46984.0,48229.0,49506.99048612294,50818.845652886586,52165.46285954936,53547.7632439385,54966.69235254363,56423.22078730689
337,3453,45331,46868,46560.0,49641.0,52925.87802835052,56428.125240664696,60162.12553848446,64143.214644671556,68387.74308797554,72913.1433554595
338,3458,44339,47840,48467.0,53095.0,58164.916850640635,63718.94815409999,69803.32086248249,76468.67603098,83770.49031020865,91769.537685859
339,3460,40770,42592,42634.0,42406.0,42179.219308533095,41953.651404926924,41729.28980338066,41506.12805277854,41284.159736504356,41063.37847225697
340,3461,40491,41951,44929.0,45480.0,46037.75735048632,46602.35492221321,47173.8766022448,47752.40730641887,48338.03299196354,48930.840670268684
341,3462,42010,44449,44962.0,44000.0,43058.58280325608,42137.30802329228,41235.744696073576,40353.471078404815,39490.07445064303,38645.150923630914
342,3463,42986,43473,46004.0,46827.0,47664.72326319451,48517.43318506237,49385.397873161375,50268.890231426136,51168.188045974086,52083.5740724465
343,3464,41844,43156,43498.0,42882.0,42274.72352751851,41676.04704370428,41085.84875921024,40504.00860941775,39930.40823001177,39364.93093290186
344,3465,39524,41132,42715.0,43627.0,44558.47194194077,45509.83156762378,46481.5034952762,47473.921409069764,48487.5282526861,49522.77642701478
345,3467,39008,42707,42738.0,44392.0,46110.011324816325,47894.511271731164,49748.073011715336,51673.36929982843,53673.176329214846,55750.37773425302
346,3468,35690,43726,50752.0,40843.0,32868.668210119795,26451.273165706232,21286.83302937696,17130.716452924873,13786.054777876941,11094.416679004333
347,3469,43244,44474,46818.0,43388.0,40209.29010209748,37263.46018518103,34533.44889817238,32003.444845869173,29658.79501415207,27485.919904182792
348,3472,38392,37938,41690.0,42593.0,43515.558863036706,44458.100231550074,45421.05692402045,46404.87113372039,47409.99463177148,48436.88897459925
349,3475,34934,39738,42322.0,38109.0,34315.388710363404,30899.417521932777,27823.493746593645,25053.766910565126,22559.75623067734,20314.015174020195
350,3477,30954,34376,36249.0,37339.0,38461.776076581424,39618.313799648924,40809.62837499217,42036.765535430844,43300.80245875617,44602.848713274754
351,3478,39349,41161,42244.0,43446.0,44682.201401382445,45953.57736209785,47261.12873008482,48605.88483115389,49988.90427928964,51411.27581000894
352,3480,36360,36238,39528.0,41284.0,43118.00890507994,45033.492198879794,47034.06931639733,49123.52048315491,51305.79385819084,53585.01299437236
353,3482,22842,30000,35342.0,28184.0,22475.747156357877,17923.616599365923,14293.452839016729,11398.525120673632,9089.92224551711,7248.892778214426
354,3483,35492,42166,41831.0,45032.0,48477.94755085941,52187.586577186805,56181.09532987201,60480.19614388364,65108.27359497426,70090.50169799624
355,3485,31293,37680,36755.0,39802.0,43101.597170453,46674.73188895036,50544.080496367904,54734.19920871815,59271.67995933614,64185.31916042708
356,3490,39642,38274,42184.0,47496.0,53476.91105632467,60210.96547343061,67793.00246837806,76329.80384122142,85941.59783905397,96763.75239341237
357,3491,17454,27103,23068.0,31812.0,43870.44147737125,60499.67419274034,83432.27134643037,115057.54361334501,158670.4776065429,218815.0352704761
358,3494,37000,37000,37000.0,39724.0,42648.5452972973,45788.400361887514,49159.416647989725,52778.61261958767,56664.2596675811,60835.974352297075
359,3496,40627,42237,43156.0,43461.0,43768.155551951066,44077.48188996537,44388.994355820396,44702.708399719864,45018.63958105999,45336.803569201234
360,3498,41506,43063,45434.0,46009.0,46591.27703922173,47180.92321383881,47778.031785568295,48382.69719642144,48995.0150836412,49615.08229482872
361,3500,42086,43862,45420.0,44532.0,43661.36116248349,42807.7440618167,41970.81590842847,41150.250419069496,40345.72768960816,39556.93407031331
362,3501,44718,47618,48242.0,48150.0,48058.175448779075,47966.526011747286,47875.051354952775,47783.751145080554,47692.62504945128,47601.672736020046
363,3505,42063,44408,45577.0,47224.0,48930.51705904293,50698.70192413373,52530.78306306451,54429.06947298327,56395.95359045487,58433.91430668189
364,3507,27694,28924,27512.0,36836.0,49319.965687699914,66034.83047659618,88414.47424527103,118378.72831123887,158498.06760950838,212214.11814713036
365,3509,30326,34786,32138.0,37064.0,42745.04001493559,49296.84993196754,56852.898309740645,65567.1112997768,75617.00831460973,87207.31832014112
366,3512,36604,37987,36678.0,32770.0,29278.39304215061,26158.812912134672,23371.620566297323,20881.400456883235,18656.510523258185,16668.680131064146
367,3515,48550,50440,51572.0,54584.0,57771.91220041883,61146.01053958856,64717.168992726714,68496.8966163615,72497.37463948414,76731.49572096491
368,3516,38215,42640,43784.0,50073.0,57265.332747122244,65490.750197484296,74897.64148178858,85655.70989214325,97959.03438309176,112029.5708172975
369,3517,39593,43652,44154.0,45599.0,47091.28960003624,48632.41641690566,50223.97871528018,51867.627065227636,53565.06605397733,55318.05605370549
370,3518,34214,40420,41854.0,43708.0,45644.12634395757,47666.01696950584,49777.47096342432,51982.45570003704,54285.11429581926,56689.77339421963
371,3521,46737,46521,47336.0,52800.0,58894.710157174246,65692.93341851445,73275.87638367339,81734.11933957147,91168.6982662112,101692.31173854892
372,3522,40182,44028,44400.0,46866.0,49468.96297297297,52216.495916471875,55116.62832480565,58177.83565473742,61409.064094480265,64819.75670837639
373,3523,41560,43906,45743.0,46253.0,46768.686115908444,47290.12174363538,47817.37098590752,48350.49866014867,48889.57030644812,49434.6521956178
374,3525,36282,39827,40549.0,39696.0,38860.943944363615,38043.45435930499,37243.161711681445,36459.70424195188,35692.72780064913,34941.88568829239
375,3527,37189,35646,43391.0,38957.0,34976.09755479247,31401.991943998757,28193.113783096946,25312.141541981233,22725.567469082594,20403.30787244015
376,3530,28592,34322,42803.0,41248.0,39749.49195149873,38305.42354543886,36913.817031569335,35572.766509781366,34280.435319848184,33035.053525993455
377,3531,33566,33712,35683.0,38905.0,42417.930807387274,46248.06204807337,50424.03536642924,54977.0786069257,59941.239335326194,65353.639445698675
378,3533,40087,39568,43018.0,43044.0,43070.01571435213,43096.047152554114,43122.09432410942,43148.15723852726,43174.23590532259,43200.330334016115
379,3537,36488,37872,41518.0,39244.0,37094.55021918204,35062.82886462691,33142.387782730824,31327.13199444791,29611.300351416583,27989.447251577443
380,3540,31876,33680,37054.0,41765.0,47074.95074755762,53060.00210427333,59805.985531520906,67409.64499713852,75980.02437808306,85640.03125575212
381,3542,34951,31636,31142.0,30804.0,30469.668486288614,30138.965642914212,29811.85208606799,29488.28885939369,29168.23742934825,28851.65968061279
382,3544,36972,41013,35200.0,35024.0,34848.88,34674.635599999994,34501.26242199999,34328.75610988999,34157.11232934054,33986.326767693834
383,3546,41172,43970,43963.0,46012.0,48156.49851011078,50400.94646514609,52750.002246304895,55208.54134970273,57781.666505527886,60474.71826882491
384,3549,36092,38581,37101.0,33308.0,29902.775235168865,26845.681721058856,24101.128453816025,21637.163055974346,19425.099783520487,17439.185563448435
385,3550,44201,46001,48115.0,48746.0,49385.27519484568,50032.93410886308,50689.08668961113,51353.84432654648,52027.31986993317,52709.62765000025
386,3551,48000,50000,51948.0,53652.0,55411.894663894665,57229.517450282525,59106.7619589312,61045.58390353001,63048.00314915285,65116.10581655403
387,3555,43702,46125,48128.0,49407.0,50719.98938248006,52067.87141414961,53451.57336600087,54872.04715122185,56330.26998006188,57827.24503210018
388,3556,42292,44347,46432.0,47888.0,49389.65678842178,50938.402056425366,52535.71238969026,54183.11067620364,55882.1675581935,57634.50292959103
389,3557,39951,45864,46947.0,50514.0,54352.01814812449,58481.64621241742,62925.04050895805,67706.0407751189,72850.29807473016,78385.41242138836
390,3558,39114,43441,47815.0,49379.0,50994.15750287567,52662.145839893295,54384.69307598225,56163.58380004032,58000.660973798826,59897.827841163074
391,3559,36500,38225,41298.0,40774.0,40256.648651266405,39745.8615939449,39241.55553856141,38743.64825244087,38252.05854629823,37766.70626099966
392,3561,43236,44143,44177.0,44760.0,45350.693799941146,45949.18293422744,46555.57027720353,47169.960060837766,47792.45789263867,48423.17077380779
393,3562,36390,43496,45136.0,47474.0,49933.10607940447,52519.59141292201,55240.05411948466,58101.43409403613,61111.03071118999,64276.521445919745
394,3563,39120,37906,42310.0,43844.0,45433.61701725361,47080.86751369575,48787.84106051706,50556.702988827936,52389.69713642572,54289.148694149124
395,3564,42699,44291,45185.0,46159.0,47153.995374571205,48170.4386963557,49208.792293572704,50269.528460308116,51353.129671336996,52460.08880157673
396,3566,37642,39906,40808.0,41380.0,41960.01764359929,42548.16531298124,43144.556965574484,43749.308156132916,44362.53605912517,44984.359491437936
397,3567,40020,41851,45690.0,40373.0,35674.745655504485,31523.232793821022,27854.836454036682,24613.335788111686,21749.052435400154,19218.08916555943
398,3568,40180,41800,42948.0,45128.0,47418.65474527335,49825.58096639414,52354.68049388643,55012.15472962901,57804.51985281498,60738.62279775156
399,3570,41467,42073,42664.0,47046.0,51878.07322332646,57206.446485669796,63082.09453789661,69561.22772430818,76705.82972805649,84584.25054814704
400,3571,36655,38506,36670.0,47049.0,60365.65042268885,77451.41769122137,99373.10474377623,127499.46018789006,163586.64037033106,209887.8604522418
401,3572,43420,48422,46236.0,52862.0,60437.560429102865,69098.76112559988,79001.18329054116,90322.70419380108,103266.69238456426,118065.66080181755
402,3573,36382,33904,36342.0,39600.0,43150.07429420505,47018.40685847009,51233.52901864001,55826.529886581484,60831.2856614558,66284.7094874704
403,3575,39390,40233,38276.0,39433.0,40624.97358658167,41852.97793498994,43118.1021765717,44421.468364739056,45764.23247013155,47147.58540586001
404,3579,38410,40077,41058.0,43082.0,45205.77534219884,47434.244563607834,49772.56866601765,52226.16306857062,54800.71014954843,57502.1724064213
405,3580,38581,41960,41376.0,42950.0,44583.877126836815,46279.90918884477,48040.460645322964,49867.98590285725,51765.03273703883,53734.24584434982
406,3581,40511,43450,46898.0,38590.0,31753.765619002945,26128.57297192468,21499.885517219787,17691.17194996613,14557.173558556718,11978.364271924256
407,3584,42219,40970,44010.0,42046.0,40169.64589865939,38377.026390707404,36664.404717647885,35028.21087839634,33465.034187526755,31971.616165615767
408,3585,41545,44153,45350.0,45935.0,46527.54630650496,47127.736264372776,47735.6684741778,48351.4428084092,48975.1604278782,49606.92379833705
409,3586,42783,43446,44328.0,45170.0,46027.993593214225,46902.28457420787,47793.182508052916,48701.002839937515,49626.06700685746,50568.70255142915
410,3588,40379,42730,42416.0,41806.0,41204.77263296869,40612.19173646475,40028.132962435055,39452.47375112127,38885.093305341754,38325.872565143276
411,3589,32706,35999,42097.0,36325.0,31344.409934199586,27046.71807634273,23338.290950023747,20138.333343459453,17377.128030528653,14994.51684701887
412,3590,38094,41836,40456.0,40025.0,39598.59167984971,39176.72612186041,38759.354929490386,38346.43022179288,37937.90462792318,37533.731281704204
413,3591,42264,47100,45560.0,46658.0,47782.461896400346,48934.02342322755,50113.33768395414,51321.07352190369,52557.91589958257,53824.56628715372
414,3594,39491,41433,40475.0,39728.0,38994.78651019147,38275.10508899041,37568.70599074517,36875.34407906915,36194.77874177293,35526.77380736639
415,3595,33980,38980,38070.0,39443.0,40865.51744155503,42339.33817828356,43866.312470870456,45448.35730991708,47087.45882256526,48785.67476591651
416,3596,28481,36532,31681.0,25920.0,21206.60332691519,17350.309593562128,14195.259766583453,11613.936843844675,9502.012025897351,7774.128080277117
417,3597,37500,45574,47166.0,48620.0,50118.82288088878,51663.85041065201,53256.50695343894,54898.26078268672,56590.62543472477,58335.16110410716
418,3608,45263,45952,49223.0,49022.0,48821.820774841035,48622.45897292439,48423.91125633747,48226.17430079792,48029.2447955979,47833.119443548756
419,3610,40101,42576,44810.0,47652.0,50674.249140816784,53888.17942553451,57305.94791309017,60940.482703739624,64805.531841075666,68915.7153155755
420,3612,41321,41590,45568.0,44980.0,44399.58742977528,43826.66438270918,43261.13421555168,42702.901532117154,42151.87216719254,41607.9531706531
421,3614,48412,50218,51105.0,52168.0,53253.110732805006,54360.792108579815,55491.51360376464,56645.75446005662,57824.00388753025,59026.76127198274
422,3616,45573,47105,48633.0,49807.0,51009.340345033204,52240.70517066742,53501.79512749433,54793.32777980199,56116.03801387119,57470.67845612819
423,3617,39022,42676,47278.0,48078.0,48891.5369516477,49718.839916267985,50560.14183117585,51415.67957526275,52285.69403569276,53170.43017572732
424,3618,39955,41924,45628.0,48671.0,51916.94225037258,55379.36127526703,59072.69423662053,63012.34113243092,67214.72900974282,71697.38046009453
425,3620,43730,45524,46316.0,47922.0,49583.687796873644,51302.99435620042,53081.91759948692,54922.524725853094,56826.95461422255,58797.42030880847
426,3621,41866,44221,44137.0,45716.0,47351.48868296441,49045.48693002245,50800.087919271966,52617.4597122015,54499.847932641635,56449.578541555726
427,3622,46314,51000,47929.0,47606.0,47285.17674059547,46966.515552437726,46650.00186503683,46335.62120609533,46023.35920084655,45713.201571397294
428,3623,42384,46882,45614.0,46088.0,46566.92559301969,47050.82796358774,47539.75882811926,48033.77044044285,48532.91559738523,49037.24764441379
429,3624,36526,42566,43516.0,46508.0,49705.718907987866,53123.30119893142,56775.86386983873,60679.56330679427,64851.66674952633,69310.6286696151
430,3629,42451,43534,45266.0,45838.0,46417.228029867896,47003.77542599489,47597.73467893682,48199.19944799863,48808.26457600321,49425.02610424679
431,3630,41744,43509,44740.0,45412.0,46094.0935181046,46786.432160128876,47489.16980902486,48202.46265908442,48926.46925065582,49661.3505053818
432,3631,44885,47502,48378.0,49566.0,50783.173260572985,52030.236178295105,53307.922742018585,54616.984964878524,55958.19332690828,57332.33722852403
433,3633,41665,46738,47293.0,47370.0,47447.12536739052,47524.37630628822,47601.75302114209,47679.25571673399,47756.884598179204,47834.63987092696
434,3634,43964,45120,47904.0,47889.0,47874.00469689379,47859.01408921064,47844.02817548031,47829.046954232974,47814.07042399931,47799.09858331043
435,3635,44716,47498,49554.0,50486.0,51435.52883722807,52402.91618994019,53388.49793690359,54392.616274014494,55415.619833109246,56457.86380300991
436,3636,43449,44099,46052.0,47795.0,49603.969968731,51481.40677181226,53429.901777529034,55452.14443361852,57550.925979431886,59729.143298596086
437,3637,40360,41794,42910.0,44403.0,45947.94707527383,47546.64865959878,49200.97507415905,50912.86171563468,52684.311320422436,54517.396307637326
438,3638,41550,42908,44478.0,45612.0,46774.91218130311,47967.473681676274,49190.440432767165,50444.587639268306,51730.7102702978,53049.62356330822
439,3639,37078,44182,41030.0,45010.0,49376.06873019741,54165.65570426969,59419.84312086713,65183.69824202362,71506.65995304614,78442.96281956145
440,3640,35693,39546,39498.0,44996.0,51259.30467365436,58394.44207544057,66522.76863705818,75782.53323188693,86331.22855086294,98348.26978263783
441,3641,43884,47468,46662.0,47176.0,47695.661909048045,48221.048095264894,48752.221613780304,49289.24621430071,49832.18634876024,50381.10717905604
442,3644,42069,43288,44073.0,44048.0,44023.014181017854,43998.04253500952,43973.0850539355,43948.14172976087,43923.21255445526,43898.29751999286
443,3646,49686,47656,49423.0,49390.0,49357.022034275535,49324.06608811421,49291.13214681344,49258.220195680464,49225.33022003233,49192.462205195894
444,3649,37232,35135,38688.0,37252.0,35869.30066170389,34537.92360033585,33255.96386372289,32021.5872066637,30833.02746646599,29688.584035897205
445,3658,48213,49871,52013.0,52505.0,53001.65391344471,53503.005762509645,54009.09998578372,54519.98144220818,55035.69541505278,55556.28761592959
446,3659,48882,52745,51266.0,55306.0,59664.37085007607,64366.20165868815,69438.55867310512,74910.64108716794,80813.94912743162,87182.46538527939
447,3660,42356,45126,46999.0,47144.0,47289.44734994362,47435.343429982386,47581.68962452583,47728.487322254645,47875.73791613381,48023.44280342587
448,3662,70084,72109,74805.0,76560.0,78356.1740525366,80194.48814199856,82075.93091573304,84001.51421574122,85972.27362284805,87989.26901363875
449,3663,38000,39799,45332.0,52128.0,59942.83031853878,68929.2300989321,79262.8365524824,91145.61774922357,104809.82003952013,120522.50725800991
450,3664,41535,42910,45940.0,48564.0,51337.87757945146,54270.19344293602,57369.997265188176,60646.855620082686,64110.8815048693,67772.76555077215
451,3666,39164,42473,44042.0,45538.0,47084.81549430089,48684.172562087864,50337.85591327272,52047.71088003753,53815.645476026264,55643.63252548213
452,3669,40994,44029,42712.0,43017.0,43324.177959355686,43633.549430548876,43945.130077119335,44258.935674457825,44574.982110604804,44893.28538705486
453,3670,43127,43361,49725.0,53164.0,56840.84255404726,60771.976944059694,64974.990090577965,69468.68523228732,74273.1660470452,79409.92659075135
454,3672,43105,44898,46274.0,47389.0,48530.86659895405,49700.247163803295,50897.80466018659,52124.21802830061,53380.18256781643,54666.410332070984
455,3673,41744,42753,43893.0,45678.0,47535.59073200738,49468.72424889238,51480.47265488588,53574.03298771734,55752.73229929494,58020.032943002174
456,3675,42687,44649,46060.0,48978.0,52080.861571862784,55380.29609350185,58888.756883793605,62619.48620613207,66586.56524975979,70804.96727752355
457,3677,43820,45810,47438.0,48012.0,48592.94540242,49180.92024665856,49776.009588991335,50378.299514875245,50987.877151401626,51604.83067989997
458,3678,43502,44814,46923.0,48421.0,49966.823114464125,51561.996079224846,53208.094370610284,54906.7437614671,56659.62192685886,58468.46010102578
459,3682,44914,47597,50174.0,50383.0,50592.87059034559,50803.61539748439,51015.238062969984,51227.74224352486,51441.131611103614,51655.40985295637
460,3683,47545,51289,51727.0,51710.0,51693.005587024185,51676.01675923639,51659.03351480105,51642.055851883204,51625.083768648496,51608.117263263164
461,3685,46307,49480,49701.0,52667.0,55810.00158950524,59140.56766894977,62669.89149957903,66409.8343214086,70372.96521610484,74572.60334875745
462,3687,46116,46414,49674.0,50022.0,50372.43797560092,50725.33100647239,51080.696291938686,51438.55115181699,51798.91302726154,52161.799481613656
463,3688,49126,51709,52854.0,53194.0,53536.1871570742,53880.57554079928,54227.17931125888,54576.012719625855,54927.090108748205,55280.42591373883
464,3690,46941,48323,49988.0,51031.0,52095.7622029287,53182.74067731565,54292.398965833694,55425.210282977096,56581.65771686413,57762.23443525033
465,3691,50326,52072,53967.0,55904.0,57910.52339392592,59989.06553660635,62142.21134690536,64372.63852238215,66683.12086933223,69076.53175235142
466,3694,54635,55269,55003.0,58715.0,62677.51259022235,66907.44417095259,71422.84210856646,76242.97173616856,81388.39855079063,86881.07595785087
467,3695,44650,45518,45058.0,43183.0,41386.02443517245,39663.82647219255,38013.29438831486,36431.4459490124,34915.42301957926,33462.48640096079
468,3697,33807,34296,41125.0,38560.0,36154.98115501519,33899.96530911577,31785.596652145992,29803.102903507584,27944.258916942308,26201.352555314174
469,3698,41770,42525,44223.0,42103.0,40084.630373335145,38163.01907623928,36333.5276251476,34591.73990008795,32933.451484824705,31354.659518023982
470,3699,31873,33964,37030.0,39173.0,41440.01968674048,43838.23632699662,46375.24255029541,49059.07038678699,51898.21669623567,54901.67006863732
471,3700,40238,39561,44352.0,48310.0,52621.21437590187,57317.16419777731,62432.18349554973,68003.67028927687,74072.36002153151,80682.62339105761
472,3701,34709,35926,37858.0,41244.0,44932.84209414126,48951.61232317508,53329.819289371684,58099.610829173376,63296.010064938106,68957.1725690292
473,3705,36972,34376,35072.0,38382.0,42004.38880018249,45968.648806130375,50307.044892703474,55054.88700592338,60250.81754851025,65937.1258880851
474,3707,38003,40080,39104.0,41922.0,44943.07702536825,48181.86566738665,51654.05514802023,55376.46532107467,59367.12815031946,63645.37505926996
475,3709,35700,39541,48643.0,45802.0,43126.92893119257,40608.095695300086,38236.375203752534,36003.17531982554,33900.40573152662,31920.448642464118
476,3711,43334,44903,41894.0,49479.0,58437.28078006397,69017.4778182266,81513.24258767447,96271.39280077207,113701.53827253071,134287.44956763613
477,3712,41229,42932,45206.0,45558.0,45912.740875105075,46270.24396735029,46630.5307849521,46993.62300360235,47359.54246777233,47728.31119202698
478,3713,37452,39934,40524.0,39539.0,38577.94198499655,37640.244007126115,36725.33826368966,35832.670753331986,34961.70094057826,34111.90142852443
479,3714,41537,43152,44134.0,45160.0,46209.851814927264,47284.10993705794,48383.34174916247,49508.12782417585,50659.06223183444,51836.75285244127
480,3715,43850,42998,45000.0,35588.0,28144.57208888889,22257.97847776395,17602.598623703634,13920.917329341442,11009.280131480073,8706.628029313619
481,3717,39428,42162,42960.0,45401.0,47980.69834729981,50706.9759233184,53588.16140350509,56633.05670112976,59850.963856796836,63251.71345582945
482,3719,40104,42201,43816.0,42945.0,42091.31424593755,41254.59855513484,40434.51558677802,39630.73470591067,38842.93185013086,38070.78939893805
483,3720,37968,37995,40742.0,41211.0,41685.39887585293,42165.25877651503,42650.642566367904,43141.613833454125,43638.23689780762,44140.57681987998
484,3722,39196,40759,41302.0,43401.0,45606.672824560555,47924.43967020369,50359.99724290617,52919.33175970584,55608.733661880615,58434.81307586269
485,3723,33556,36663,37215.0,38067.0,38938.50568319226,39829.96361257772,40741.83057476813,41674.57381404537,42628.671271779254,43604.611831326634
486,3725,42390,46186,48000.0,49754.0,51572.09408333334,53456.624354628475,55410.018502920524,57434.79292904808,59533.55598733038,61709.01134570075
487,3726,34280,37125,41752.0,40166.0,38640.24611994635,37172.44983842127,35760.409566249014,34402.00734426992,33095.20566655359,31838.04442428606
488,3727,39239,40070,40646.0,41075.0,41508.5278994243,41946.63148818711,42389.35906060339,42836.7594207126,43288.88188765857,43745.77630112621
489,3728,38674,42850,44013.0,45576.0,47194.50562333856,48870.4879987567,50605.98825418252,52403.12000255885,54264.071915948065,56191.11039104922
490,3730,40701,43037,44212.0,45276.0,46365.60607979733,47481.43447183805,48624.11623873472,49794.29763016722,50992.64044837263,52219.82242243099
491,3732,37951,40000,41191.0,37119.0,33449.54385666772,30142.837474585445,27163.020665172906,24477.77825424372,22057.989634125723,19877.412959848334
492,3733,31672,35286,35271.0,34715.0,34167.76459414249,33629.15562035827,33099.0370945178,32577.27517609893,32063.7381343958,31558.296315260417
493,3735,40306,43007,44192.0,46965.0,49912.002738052135,53043.92669697272,56372.37548251547,59909.68081409166,63668.9482131113,67664.10555821806
494,3737,41048,43129,44265.0,44793.0,45327.29806845137,45867.96932972195,46415.08980427505,46968.73641935823,47528.987019819564,48095.92037905292
495,3739,35672,33794,34523.0,30720.0,27335.932566694668,24324.64873993744,21645.083257274226,19260.694541710287,17138.96637955392,15250.96449265407
496,3740,38643,43282,43526.0,45386.0,47325.48352708726,49347.847157110285,51456.63261206193,53655.53296262102,55948.39909574778,58339.24645865939
497,3741,37060,40411,41948.0,41195.0,40455.51694955659,39729.30820866272,39016.135492892645,38315.7647952158,37627.96630921414,36952.514353677805
498,3744,36920,37991,41885.0,42756.0,43645.11247463293,44552.71407342499,45479.189278342106,46424.93056666576,47390.338577255854,48375.822280271015
499,3746,44480,46845,48997.0,51543.0,54221.29618139886,57038.76296666819,60002.63198952953,63120.51065649571,66400.40167291381,69850.72358362749
500,3747,43780,44824,46620.0,48137.0,49703.362698412704,51320.69434177376,52990.653443371164,54714.9524839888,56495.35966799162,58333.70073655326
501,3749,45346,49120,52865.0,54336.0,55847.93144802799,57401.93328591788,58999.17614723605,60640.86323912263,62328.23124867051,64062.551274524936
502,3750,49732,52162,53519.0,52644.0,51783.30566714625,50936.683113310166,50103.9022742783,49284.73684723381,48478.9642292602,47686.36545685035
503,3751,38328,40360,41392.0,41212.0,41032.78275995362,40854.34487589893,40676.68295867672,40499.79363386609,40323.67354172036,40148.31933710329
504,3752,50958,52331,54000.0,54746.0,55502.305851851845,56269.059928990384,57046.406571713094,57834.49211435194,58633.46491282057,59443.475372542125
505,3753,54000,55683,58634.0,60431.0,62283.07400143262,64191.9098983623,66159.24731500378,68186.87919113474,70276.65341609754,72430.47451287974
506,3754,52305,53634,55680.0,56181.0,56686.50792025862,57196.56432234285,57711.21013278635,58230.486646373385,58754.43552945228,59283.09882327871
507,3755,53140,56948,53494.0,50040.0,46809.017833775746,43786.653688304075,40959.43751752974,38314.76900918211,35840.86142781383,33526.68908378143
508,3756,50673,52416,54227.0,55006.0,55796.190753683586,56597.73302224204,57410.78987628756,58235.526729029334,59072.11136992619,59920.71399882273
509,3757,48691,50227,51032.0,52224.0,53443.84260855933,54692.17817035198,55969.6722207333,57277.00584056231,58614.87601931192,59983.99602666064
510,3758,49485,52604,56011.0,56188.0,56365.55933655889,56543.679777232515,56722.363095162385,56901.611069093284,57081.425483391,57261.80812806008
511,3759,49640,49227,50267.0,50526.0,50786.33449380309,51048.010357369545,51311.034502087925,51575.413874957616,51841.15545877232,52108.2662723045
512,3760,50706,49460,53318.0,56660.0,60211.47830001125,63985.56510894327,67996.21364403627,72258.2517174518,76787.43655633781,81600.51305904385
513,3761,43760,46096,48797.0,49264.0,49735.46931163801,50211.45070739051,50691.98736907773,51177.12289178116,51666.90128779857,52161.3669906369
514,3763,48060,50557,51557.0,51561.0,51565.00031033613,51569.00093103247,51573.001862113095,51577.003103602096,51581.004655523546,51585.00651790154
515,3764,49606,51532,53203.0,54152.0,55117.927635659646,56101.08485097159,57101.778975806126,58120.32282198097,59157.03478104455,60212.238923803634
516,3765,49926,50784,53282.0,55503.0,57816.5798768815,60226.59871826421,62737.07647347732,65352.20065889815,68076.33334279539,70914.0184213275
517,3766,50723,55413,56822.0,61582.0,66740.746964204,72331.6440735914,78390.89270599248,84957.72684207575,92074.66710761163,99787.79609695081
518,3767,49940,52768,57810.0,55780.0,53821.28351496281,51931.347421979335,50107.77649538155,48348.24032022803,46650.490314172624,45012.356853910205
519,3770,46364,49854,50848.0,52411.0,54022.044544524855,55682.61045907591,57394.21996480939,59158.4420739385,60976.89402802845,62851.24278050266
520,3775,47020,48994,51689.0,50983.0,50286.64298013117,49599.79723066856,48922.33284085928,48254.121674350994,47595.037344956116,46944.95519274696
521,3777,43463,45676,47436.0,48574.0,49739.30086853866,50932.55755941472,52154.4407389116,53405.63716274332,54686.850062043464,55998.79953861411
522,3778,38388,35587,38390.0,38394.0,38398.000416775205,38402.00125036904,38406.00250082492,38410.0041681863,38414.00625249661,38418.008753799295
523,3779,32573,32241,35887.0,39586.0,43666.269011062504,48167.10577846909,53131.85970815275,58608.34838261585,64649.318111690336,71312.95195389344
524,3781,49042,52000,52687.0,54692.0,56773.300130962096,58933.8039888887,61176.5256659195,63504.59395525403,65921.25671609226,68429.8854046827
525,3782,47323,50489,52461.0,54025.0,55635.62694191876,57294.27089718383,59002.36337889778,60761.37857732321,62572.83463220081,64438.29494299858
526,3783,47424,47696,49949.0,54118.0,58634.966145468374,63528.94147751621,68831.39311858539,74576.41459872277,80800.945069044,87545.00681187857
527,3786,53066,51543,55372.0,59846.0,64681.49454597992,69907.69202121496,75556.1608159653,81661.02001358556,88259.14548387346,95390.39262854676
528,3787,51662,50042,52570.0,49818.0,47210.06513220468,44738.65369519066,42396.61878993738,40177.18765221801,38073.94206692404,36080.79980768541
529,3788,47524,49035,51434.0,53022.0,54659.02873585566,56346.599946193935,58086.274105593475,59879.659867534654,61728.41555189996,63634.250678400276
530,3789,39613,47521,45028.0,51026.0,57822.96961890379,65525.336407883646,74253.70470704163,84144.74407882887,95353.32929213648,108054.96536511849
531,3791,49206,52692,54331.0,57116.0,60043.75873810532,63121.59400868057,66357.19871527857,69758.66009868862,73334.47995061197,77093.59586348778
532,3792,49987,52747,53768.0,53903.0,54038.33895625651,54174.017719816526,54310.037143863825,54446.398083724365,54583.10139687164,54720.14794293208
533,3793,44135,46167,48512.0,48375.0,48238.38689396438,48102.15958928774,47966.316996450245,47830.858029008916,47695.781603588934,47561.08663987497
534,3795,41388,42000,44367.0,45228.0,46105.7088376496,47000.450769923955,47912.55634643137,48842.36253153014,49790.21282881522,50756.45740802071
535,3796,46800,48829,51539.0,52064.0,52594.34789188769,53130.09815175383,53671.30581060772,54218.02646002988,54770.316257882296,55328.23193407679
536,3797,43152,45097,45953.0,47156.0,48390.4932430962,49657.304188441325,50957.27887863989,52291.28550477972,53660.214986255356,55064.98156577062
537,3799,42920,45098,46800.0,47783.0,48786.6472008547,49811.37528201795,50857.627032065466,51925.8545400253,53016.51939072711,54130.09286425456
538,3800,18620,16856,12364.0,15989.0,20676.813409899707,26739.046393633645,34578.664897105176,44716.78041409048,57827.289068334896,74781.66652487921
539,3802,47440,48660,50264.0,51236.0,52226.79643482413,53236.75278797249,54266.239571951264,55315.63446419893,56385.322445640944,57475.695941923834
540,3803,45978,46701,47009.0,47698.0,48397.09851305069,49106.44355071352,49826.18529392102,50556.47612477281,51297.47065879754,52049.32577768778
541,3804,46829,48862,50102.0,51132.0,52183.17480340106,53255.9597231149,54350.799021242885,55468.14609305399,56608.46365474505,57772.22393506095
542,3805,48080,49262,50626.0,51274.0,51930.29423616324,52594.98887261553,53268.191432356674,53950.01081465366,54640.55731265658,55339.94263123995
543,3806,51172,52754,54450.0,55140.0,55838.7438016529,56546.34220795484,57262.90742601708,57988.55308485917,58723.39425342764,59467.547458842986
544,3807,49992,52000,54866.0,55490.0,56121.09685415376,56759.37127614538,57404.9048976289,58057.780278668535,58718.08091829762,59385.89126519767
545,3808,48000,52240,53343.0,54800.0,56296.796205687715,57834.47560264115,59414.154866144294,61036.981172125816,62704.13303024754,64416.821139747764
546,3809,54112,54764,56269.0,56467.0,56665.69672466189,56865.092625628364,57065.190163169005,57265.99180621059,57467.500032367614,57669.71732797281
547,3810,48046,49643,51175.0,51300.0,51425.30532486566,51550.91672038317,51676.83493416037,51803.06071563121,51929.59481606021,52056.43798854693
548,3812,44010,47466,50464.0,51877.0,53329.56422400127,54822.80047654791,56357.84758088689,57935.87624749662,59558.089966934494,61225.72592768431
549,3813,43075,50906,47734.0,49547.0,51428.8601206687,53382.195759810034,55409.72165147081,57514.2556388617,59698.72259057864,61966.15846556752
550,3814,46378,47566,50936.0,51949.0,52982.14624234334,54035.83938949848,55110.48807218974,56206.50904786762,57324.327362330674,58464.376514561736
551,3815,46088,46531,50340.0,51121.0,51914.11682558601,52719.53846326544,53537.45581606262,54368.06274876712,55211.55613388406,56068.13589829732
552,3816,44172,47945,49931.0,50576.0,51229.33199815746,51891.10362577981,52561.42390453706,53240.40326442224,53928.15356194387,54624.78809855347
553,3818,43959,45857,47984.0,48839.0,49709.23476575525,50594.97575701736,51496.49927052707,52414.08652620189,53348.023754859416,54298.60228750373
554,3820,44977,46748,48688.0,50349.0,52066.66531794282,53842.929101485024,55679.79044796807,57579.316654303824,59543.645543615334,61574.987871251404
555,3821,42015,46366,45105.0,45971.0,46853.626892805674,47753.19990886087,48670.04440772072,49604.49199572839,50556.88064595123,51527.55482041955
556,3822,41904,40980,48990.0,48318.0,47655.217881200246,47001.52720113969,46356.80325177929,45720.92303571079,45093.76524269185,44475.210226503055
557,3823,46014,48984,51057.0,53679.0,56435.65115459193,59333.868388807416,62380.92173928733,65584.45459081428,68952.50284937069,72493.51509981725
558,3824,45990,49011,51036.0,51114.0,51192.11920996943,51270.35781210082,51348.71598886514,51427.19392301224,51505.79179757127,51584.50979585112
559,3825,44910,45346,47654.0,48497.0,49354.91268309061,50228.001854867274,51116.535987650524,52020.788303040405,52941.03685593131,53877.56462001302
560,3831,43152,45473,47259.0,46725.0,46197.03389830508,45675.03351527339,45158.93144165448,44648.66102988437,44144.1563854789,43645.35235852433
561,3832,37226,43498,42800.0,39040.0,35610.31775700935,32481.934701720675,29628.381559700352,27025.514394642563,24651.31032632817,22485.681194856348
562,3833,37695,35550,37890.0,41430.0,45300.73634204276,49533.10917526607,54160.90559860843,59221.06938375157,64753.99589783129,70803.85458028901
563,3835,38902,38653,41969.0,43283.0,44638.139793657225,46035.7074194969,47477.03124301471,48963.48121926674,50496.470194989684,52077.45525148892
564,3840,44700,45491,46170.0,46464.0,46759.87212475634,47057.62829553127,47357.28050949892,47658.84084022868,47962.32143817166,48267.73453115027
565,3842,43864,45809,47830.0,47489.0,47150.43113108927,46814.27606072127,46480.51757992039,46149.13860240099,45820.12216369268,45493.45142027183
566,3844,50718,52560,54190.0,55649.0,57147.28180476103,58685.903029214736,60265.94976329159,61888.53733857564,63554.81111560059,65265.94729234282
567,3847,45686,47742,50596.0,51558.0,52538.29085303186,53537.22032968252,54555.14281282653,55592.4194233479,56649.41814825225,57726.5139712149
568,3850,45604,47383,49829.0,49963.0,50097.36035240523,50232.08202627431,50367.165993271854,50502.61322767549,50638.42470638284,50774.601408918614
569,3851,42299,43780,45934.0,47171.0,48441.312339443546,49745.83411773178,51085.48659310152,52461.2158332214,53873.99338330837,55324.816952236666
570,3854,52000,54488,57342.0,55424.0,53570.15409298594,51778.316425127356,50046.41291804015,48372.43886801048,46754.45662552078,45190.59335239203
571,3856,50744,51437,51597.0,55036.0,58704.21334573715,62616.91737302537,66790.40766986112,71242.06594411451,75990.43241468082,81055.28302758637
572,3857,45110,43089,45552.0,47164.0,48833.045662100456,50561.15572548529,52350.42036873876,54203.003737952116,56121.146564295166,58107.16887421885
573,3858,44308,45990,46995.0,47219.0,47444.06768805192,47670.20815325297,47897.426508957375,48125.72789289197,48355.11746727239,48585.60041891978
574,3859,42006,45081,46922.0,47608.0,48304.029325263204,49010.23460460191,49726.76461054277,50453.770290667926,51191.40479941432,51939.82353033795
575,3860,44724,46182,48066.0,49603.0,51189.148441725956,52826.01693827097,54515.22735798808,56258.45343149592,58057.4224100714,59913.9167770726
576,3862,46267,48029,49314.0,51472.0,53724.4349272012,56075.437291091774,58529.32044139748,61090.58648172144,63763.93452948789,66554.26933734438
577,3864,36728,38096,39815.0,44592.0,49942.144016074344,55934.19781400947,62645.177669780496,70161.3402649969,78579.29134991189,88007.22742371647
578,3865,45741,42192,43307.0,40730.0,38306.34539450897,36026.91130575543,33883.115835394245,31866.887754303174,29970.636115010697,28187.22167234825
579,3869,49127,50000,52480.0,54421.0,56433.788891006094,58521.0218223598,60685.452145477175,62929.93504590345,65257.43130970105,67671.01122913949
580,3870,43380,45291,48351.0,50742.0,53251.23707886083,55884.55816540622,58648.099324296134,61548.3000540513,64591.9182921278,67786.04616200592
581,3871,44032,45500,47819.0,50079.0,52445.811100190294,54924.4813585903,57520.297412259635,60238.79575291307,63085.7745354385,66067.30594450374
582,3873,52879,48327,48133.0,53390.0,59221.16011883739,65689.18909572909,72863.64460600786,80821.68128965075,89648.88047814292,99440.17054262254
583,3874,40242,44923,48096.0,44927.0,41966.80241600133,39201.649454085404,36618.68980837689,34205.91893340296,31952.123251850357,29846.828038420677
584,3875,41690,42855,45224.0,45877.0,46539.428820980014,47211.422607909524,47893.11947158733,48584.65951702662,49286.18487224993,49997.83971749978
585,3878,40250,41207,42900.0,43978.0,45083.0882051282,46215.945293359626,47377.26904688507,48567.774781909364,49788.19578924965,51039.28378600515
586,3880,38756,39746,41528.0,42881.0,44278.08131862839,45720.680144098056,47210.27945624804,48748.41055103477,50336.65461469182,51976.64434917645
587,3882,42700,45008,46690.0,47810.0,48956.86656671664,50131.24417551344,51333.7927614328,52565.18809004288,53826.12213718034,55117.30347780236
588,3885,38807,41413,44397.0,46875.0,49491.308534360425,52253.64523612282,55170.16060642064,58249.46006320174,61500.629332220225,64933.26125521596
589,3886,34249,42291,42016.0,44372.0,46860.11005331302,49487.73808276859,52262.70740214699,55193.28000876014,58288.18118213787,61556.625462057826
590,3887,36314,36444,32029.0,41576.0,53968.708857597805,70055.35731566662,90937.01132586581,118042.93555478464,153228.42076323726,198901.77094671555
591,3888,37445,39092,39492.0,41823.0,44291.586371923426,46905.88009806931,49674.48149857066,52606.49852412439,55711.5767186887,58999.93095071704
592,3889,33110,36313,39106.0,40497.0,41937.477855060606,43429.19349195493,44973.9694380325,46573.69304792109,48230.31880943233,49945.870731488285
593,3890,34328,40007,42280.0,39127.0,36209.13266319773,33508.863143636176,31009.964243638897,28697.418896898274,26557.32992381596,24576.836516772637
594,3891,40518,42522,47032.0,39483.0,33145.67292481715,27825.53589238296,23359.322028384002,19609.97005542366,16462.418091901094,13820.072578723653
595,3892,34116,35254,33635.0,30500.0,27657.202319012933,25079.371807043095,22741.81180659475,20622.127548718294,18700.01160207843,16957.04931955975
596,3895,29520,26357,32194.0,34880.0,37790.09753370193,40942.98943826563,44358.932459672775,48059.87339856453,52069.59011436699,56413.844293629896
597,3896,38416,43776,41580.0,43951.0,46457.2006012506,49106.31129450614,51906.48118578257,54866.32406436579,57994.94490026313,61301.96785260858
598,3898,37754,39149,36094.0,39864.0,44027.77458857428,48626.453321851965,53705.46171724681,59314.96996443527,65510.38850396874,72352.91536882057
599,3900,34134,31324,44688.0,40621.0,36924.132675438595,33563.71270607302,30509.120431287865,27732.522848177236,25208.620001248823,22914.414452889552
600,3902,41906,35439,42587.0,42055.0,41529.64578392467,41010.85433214249,40498.54366210938,39992.632815413395,39493.041844981104,38999.69180244395
601,3903,37919,41981,43703.0,42004.0,40371.05040843878,38801.58344635523,37293.13115989074,35843.32153948358,34449.8747899336,33110.59974547219
602,3904,38215,37832,39486.0,41526.0,43671.3943169731,45927.62803035569,48300.42753351948,50795.81506754115,53420.124005842925,56180.01492849702
603,3909,36842,38140,39416.0,40273.0,41148.633270752995,42043.30494502323,42957.4289641496,43891.42826956558,44845.734998483225,45820.79068383182
604,3910,49828,51316,53932.0,55050.0,56191.17592523919,57356.00820819583,58544.987240621165,59758.61357999324,60997.39816025046,62261.86250689364
605,3911,46356,49977,51094.0,52919.0,54809.1862253885,56766.887029031466,58794.51392901938,60894.564579202575,63069.625845829665,65322.37699407875
606,3912,46725,48771,51063.0,52107.0,53172.34492685506,54259.47118468631,55368.8241000421,56500.85810432003,57656.03691991861,58834.83375019484
607,3913,46800,46871,49914.0,49785.0,49656.33339343671,49527.99931867305,49399.99691629879,49272.325329124804,49144.98370217731,49017.971182692185
608,3915,44494,46724,48531.0,49618.0,50729.34668562362,51865.58537527091,53027.27360141336,54214.98138416534,55429.29151098299,56670.79982262789
609,3916,43640,42976,38905.0,44063.0,49904.84433877394,56521.196661082024,64014.74073968018,72501.77409619658,82114.01290324406,93000.6361792994
610,3918,46829,48848,50009.0,50596.0,51189.89013977484,51790.75129500786,52398.66529069203,53013.714912272866,53635.983916922116,54265.55704494374
611,3919,45441,46478,47596.0,48006.0,48419.531809395754,48836.62585179118,49257.312812864264,49681.62364262463,50109.589557690524,50541.242043585415
612,3920,52318,52668,52925.0,55049.0,57258.24092583845,59556.14368873842,61946.26648883063,64432.31032486797,67018.12472505729,69707.71370788246
613,3921,19382,24573,24358.0,24926.0,25507.245094014284,26102.044142105264,26710.71320658986,27333.57571998763,27970.96265688528,28623.212709808788
614,3922,37147,37924,39023.0,39000.0,38977.01355610794,38954.04066033389,38931.08130469266,38908.135481203746,38885.203181891346,38862.28439878437
615,3923,36852,38749,41262.0,44019.0,46960.2142649411,50097.9514257293,53445.342538150784,57016.39603477435,60826.056348570884,64890.266453583
616,3925,39904,41142,42576.0,43342.0,44121.781379180764,44915.59208325002,45723.684518795155,46546.315633540486,47383.746998048475,48236.24488889086
617,3926,45674,45746,49985.0,50860.0,51750.317095128536,52656.21941498924,53577.979782861905,54515.87579786649,55470.18991856535,56441.20954802908
618,3927,43160,46740,47431.0,46800.0,46177.39453100293,45563.07191606623,44956.921963945504,44358.83594932954,43768.70659333817,43186.42804427961
619,3928,38090,41137,37524.0,38375.0,39245.29967487475,40135.33671845534,41045.55875095202,41976.42354407269,42928.39925124692,43901.964643071115
620,3929,38570,40673,45068.0,42660.0,40380.660335493034,38223.106636907185,36180.831834793215,34247.67653484243,32417.81044147462,30685.714773970605
621,3930,53349,53642,55393.0,57401.0,59481.79013593775,61638.00905516875,63872.391056193774,66187.76955601932,68587.08068321025,71073.36700119062
622,3931,47250,48910,50180.0,51508.0,52871.14515743324,54270.36557929596,55706.615987612124,57180.8763708634,58694.15265265907,60247.4773781021
623,3933,38294,39000,42297.0,43423.0,44578.97555382179,45765.724648878255,46984.06651602337,48234.842195079626,49518.91511542054,50837.17169200903
624,3934,48444,50000,51872.0,53165.0,54490.23027837754,55848.494230990545,57240.61527973882,58667.437371748034,60129.82549099676,61628.66618269668
625,3936,44102,46833,47424.0,48176.0,48939.92442645074,49715.962364387036,50504.30589715565,51305.1501539594,52118.69335815511,52945.13687631749
626,3937,43964,44765,47840.0,48173.0,48508.3179138796,48845.96987594736,49185.97213281798,49528.34104419399,49873.09308365295,50220.244839440085
627,3938,41835,46849,46400.0,45900.0,45405.387931034486,44916.10573350178,44432.0959734425,43953.30183579764,43479.667117739475,43011.13622207418
628,3939,41484,43526,45042.0,44656.0,44273.307934816396,43893.895456177816,43517.734458751314,43144.79707806045,42775.0556884212,42408.48290089554
629,3940,41394,41886,45094.0,45350.0,45607.453319732114,45866.368209736356,46126.75296739131,46388.61593718002,46651.965510957416,46916.810128219244
630,3941,39766,41794,43087.0,43185.0,43283.22289785783,43381.669200547505,43480.33941619616,43579.23405408665,43678.35362466016,43777.69863951886
631,3942,41428,42033,44470.0,41954.0,39580.348909377106,37340.992987272475,35228.334153092634,33235.204206405404,31354.84050540887,29580.86302145095
632,3943,37800,38920,39737.0,43833.0,48351.206407126854,53335.13930200043,58832.80471662644,64897.15703610958,71586.60906368852,78965.59466211991
633,3944,38350,50340,38026.0,49896.0,65471.27796770631,85908.4543595612,112725.19430717579,147912.90946065437,194084.64025795012,254669.10036056067
634,3945,45790,45770,50650.0,50060.0,49476.87265547877,48900.537909837454,48330.91663902197,47767.93064066021,47211.50262332577,46661.55619592671
635,3950,42888,44296,45719.0,45663.0,45607.068592926356,45551.2056947614,45495.41122159036,45439.68508960128,45384.027215084825,45328.43751443423
636,3951,37857,39857,42484.0,43380.0,44294.89690236324,45229.08924829388,46182.98398434678,47156.99663969879,48151.55150715877,49167.081827995185
637,3953,42333,44988,45371.0,46208.0,47060.440898371206,47928.60754737468,48812.790054199584,49713.28387790558,50630.38992815369,51564.41466575843
638,3954,36879,39600,40770.0,45474.0,50720.74260485652,56572.84888921377,63100.16508187655,70380.5961965478,78501.03584600969,87558.40333729323
639,3956,37209,39737,40110.0,42748.0,45559.49897781102,48555.907811106095,51749.38786111103,55152.900331258395,58780.25887211753,62646.185646105216
640,3957,41921,39068,38807.0,41359.0,44078.82291854562,46977.505014253315,50066.80830480333,53359.26829382227,56868.24483634899,60607.97634928126
641,3958,35978,34190,30996.0,43414.0,60807.05239385727,85168.32406203767,119289.5089956544,167080.74408108596,234018.69349387876,327774.1501917426
642,3959,36240,38000,40011.0,41796.0,43660.63372572543,45608.45385520032,47643.17156111951,49768.663581728804,51988.979607156456,54308.34999526908
643,3960,36886,39325,40852.0,42560.0,44339.41055517478,46193.21730216975,48124.530705481855,50136.59127644443,52232.77501041504,54416.59905128915
644,3962,40745,41536,42677.0,45204.0,47880.62928509501,50715.74773773777,53718.739853708044,56899.54580563344,60268.694345850316,63837.33765751617
645,3965,43846,37954,41881.0,46316.0,51220.64554332514,56644.6698738007,62643.07275076893,69276.67814819641,76612.75101148171,84725.6793258945
646,3966,37777,40560,36891.0,36395.0,35905.66872678973,35422.91651924622,34946.65492174151,34476.79666793479,34013.25566478237,33555.946976762745
647,3971,39924,42500,43088.0,44161.0,45260.72040939472,46387.826633848876,47543.00064930839,48726.94141464231,49940.36529456041,51184.006493062625
648,3975,51442,52733,54035.0,54542.0,55053.75708337189,55570.315884912925,56091.72145822006,56618.01927961948,57149.255252132985,57685.47570948159
649,3976,45609,46867,48681.0,48740.0,48799.071506337175,48858.21460567519,48917.42938478274,48976.7159305337,49036.0743299072,49095.504669987815
650,3977,49058,50275,51798.0,52040.0,52283.130622803976,52527.39715067607,52772.80489055915,53019.35917419009,53267.065358215616,53515.92882430868
651,3978,52906,54120,55210.0,55189.0,55168.00798768339,55147.02396001193,55126.04791394853,55105.079846457265,55084.11975450335,55063.16763505316
652,3979,43570,42663,44000.0,42386.0,40831.204454545456,39333.44163659918,37890.619482020295,36500.72266738437,35161.809794994406,33872.01068115075
653,3980,48651,50752,52912.0,52934.0,52956.00914726338,52978.027445593434,53000.05489879503,53022.09151067463,53044.13728504028,53066.19222570158
654,3981,46870,48455,48627.0,49512.0,50413.10679252267,51330.613517415884,52264.81864960403,53216.02609618513,54184.54529529517,55170.691316771634
655,3984,40928,43921,47178.0,49076.0,51050.3577091017,53104.14504497594,55240.55751043367,57462.919165332205,59774.687798504456,62179.46030775795
656,3987,48965,51913,50006.0,52743.0,55629.805403351595,58674.61557391059,61886.07865485674,65273.316131926345,68845.9487410749,72614.12379415496
657,3988,42542,44433,46548.0,46832.0,47117.73274899029,47405.20881886898,47694.43884603575,47985.43353178539,48278.20364270373,48572.76001106602
658,3991,33915,39348,39090.0,38150.0,37232.60424661038,36337.26917391113,35463.46428715041,34610.67184842129,33778.38656989696,32966.115314442795
659,3992,38625,41864,41444.0,43306.0,45251.65611427469,47284.72685273574,49409.139587987986,51628.998142008684,53948.59071368179,56372.398162501304
660,3995,38190,39388,40803.0,41877.0,42979.26939195647,44110.552271327135,45271.61231934824,46463.23331856349,47686.219681922485,48941.396995805895
661,3996,42112,43928,44746.0,46522.0,48368.49068073124,50288.269866557435,52284.24642944588,54359.44469652441,56517.009032577414,58760.20860442423
