Postcode,2001,2002,2003,2004,2005,2006,2007,2008,2009,2010,2011,2012,2013,2014,2015,2016,2017,2018,2019,2020,2021
3000,18592.0,19208.0,20107.0,20885.0,21576.0,22562.0,23964.0,25188.0,26220.0,26680.0,26911.0,27757.0,29226.0,30664.0,32076.0,33615.0,34346.0,34521.0,34795.0,34642.0,29606.0
3002,3731.0,3859.0,4243.0,4460.0,4495.0,4555.0,4806.0,5055.0,5202.0,5272.0,5238.0,5280.0,5333.0,5374.0,5411.0,5475.0,5495.0,5409.0,5413.0,5378.0,4962.0
3004,21416.0,21687.0,22219.0,22640.0,23053.0,23643.0,24374.0,25101.0,25827.0,26285.0,26673.0,26822.0,27008.0,27363.0,27869.0,28418.0,28821.0,29083.0,29536.0,29275.0,27527.0
3005,154.0,926.0,1913.0,3089.0,3779.0,4152.0,4592.0,5040.0,5402.0,5780.0,6196.0,6802.0,7988.0,9170.0,10444.0,11832.0,13923.0,15439.0,16375.0,16678.0,15942.0
3008,154.0,926.0,1913.0,3089.0,3779.0,4152.0,4592.0,5040.0,5402.0,5780.0,6196.0,6802.0,7988.0,9170.0,10444.0,11832.0,13923.0,15439.0,16375.0,16678.0,15942.0
3010,14861.0,15349.0,15864.0,16425.0,17081.0,18007.0,19158.0,20133.0,21018.0,21408.0,21673.0,22477.0,23893.0,25290.0,26665.0,28140.0,28851.0,29112.0,29382.0,29264.0,24644.0
3011,19645.0,19641.0,19733.0,19772.0,19933.0,20129.0,20441.0,20927.0,21384.0,21832.0,22726.0,23294.0,24371.0,25448.0,26283.0,27054.0,27438.0,27696.0,27843.0,27780.0,26784.0
3012,60645.0,60614.0,60485.0,60451.0,60686.0,61229.0,62162.0,63492.0,65094.0,66373.0,67203.0,68706.0,70218.0,72011.0,73661.0,75313.0,76236.0,76798.0,77320.0,76934.0,74475.0
3013,20654.0,20628.0,20804.0,21007.0,21208.0,21506.0,21892.0,22280.0,22599.0,22803.0,23026.0,23453.0,23882.0,24395.0,24851.0,25367.0,25570.0,25785.0,25883.0,25760.0,25017.0
3015,27929.0,27944.0,27916.0,27890.0,28055.0,28318.0,28741.0,29156.0,29643.0,30036.0,30356.0,30892.0,31402.0,32027.0,32653.0,33310.0,33710.0,34135.0,34629.0,34766.0,34071.0
3016,28779.0,29098.0,29284.0,29433.0,29736.0,30225.0,30814.0,31301.0,31893.0,32063.0,32152.0,32576.0,32977.0,33537.0,34140.0,34912.0,35212.0,35603.0,36020.0,36024.0,35059.0
3018,12221.0,12120.0,12045.0,11919.0,11864.0,11857.0,11915.0,12041.0,12152.0,12213.0,12260.0,12361.0,12544.0,12757.0,12979.0,13206.0,13436.0,13645.0,13845.0,13857.0,13652.0
3019,12851.0,12995.0,13028.0,13039.0,13184.0,13482.0,14178.0,14881.0,15633.0,16343.0,16719.0,17177.0,17708.0,18296.0,18759.0,19224.0,19548.0,19686.0,19792.0,19876.0,19361.0
3020,41798.0,41728.0,41624.0,41633.0,41683.0,41856.0,42001.0,42689.0,43835.0,44748.0,45245.0,46094.0,46971.0,47905.0,48923.0,50099.0,50622.0,50871.0,50857.0,50216.0,48113.0
3021,67001.0,66434.0,65569.0,64938.0,64465.0,63908.0,63794.0,64095.0,64563.0,65035.0,65389.0,65502.0,65733.0,66073.0,66548.0,67479.0,68279.0,68669.0,68772.0,68020.0,65790.0
3022,6640.0,6597.0,6560.0,6523.0,6523.0,6556.0,6559.0,6758.0,7087.0,7334.0,7387.0,7520.0,7668.0,7773.0,7937.0,8202.0,8226.0,8224.0,8178.0,8075.0,7595.0
3023,35309.0,36567.0,38570.0,41187.0,44517.0,47580.0,50621.0,53350.0,56052.0,58223.0,59491.0,60817.0,62096.0,63338.0,64668.0,66044.0,68433.0,71512.0,74351.0,76864.0,79527.0
3024,1760.0,1843.0,1929.0,2048.0,2245.0,2386.0,2446.0,2489.0,2572.0,2673.0,2772.0,2791.0,2842.0,2957.0,3044.0,3148.0,4731.0,7540.0,10296.0,13272.0,17836.0
3025,27929.0,27944.0,27916.0,27890.0,28055.0,28318.0,28741.0,29156.0,29643.0,30036.0,30356.0,30892.0,31402.0,32027.0,32653.0,33310.0,33710.0,34135.0,34629.0,34766.0,34071.0
3026,4750.0,4688.0,4636.0,4553.0,4553.0,4551.0,4571.0,4665.0,4830.0,5130.0,5587.0,6224.0,6794.0,7504.0,8334.0,9385.0,10250.0,10891.0,11487.0,11956.0,11643.0
3027,4750.0,4688.0,4636.0,4553.0,4553.0,4551.0,4571.0,4665.0,4830.0,5130.0,5587.0,6224.0,6794.0,7504.0,8334.0,9385.0,10250.0,10891.0,11487.0,11956.0,11643.0
3028,28818.0,29036.0,29169.0,28927.0,29056.0,29118.0,29453.0,29603.0,29926.0,30128.0,30371.0,31029.0,31676.0,32499.0,33504.0,34899.0,35822.0,36372.0,36866.0,36678.0,35310.0
3029,49534.0,50092.0,50652.0,51171.0,51557.0,51660.0,51597.0,51623.0,51943.0,52248.0,52564.0,52957.0,53520.0,54053.0,54570.0,55316.0,57666.0,61433.0,65149.0,68892.0,72487.0
3030,9744.0,9818.0,9912.0,10111.0,10252.0,10291.0,10367.0,10455.0,10604.0,10743.0,10862.0,11008.0,11141.0,11305.0,11491.0,11776.0,12571.0,13680.0,15002.0,16321.0,16985.0
3031,8100.0,8113.0,8064.0,8174.0,8296.0,8473.0,8729.0,8914.0,9109.0,9344.0,9633.0,9878.0,10156.0,10400.0,10621.0,10825.0,10751.0,10736.0,10537.0,10344.0,9268.0
3032,26551.0,27237.0,27907.0,28441.0,29048.0,29850.0,31140.0,32248.0,33069.0,33783.0,34353.0,35286.0,36251.0,37299.0,38312.0,39181.0,39495.0,39585.0,39442.0,39272.0,37256.0
3033,15244.0,15186.0,15101.0,15059.0,15005.0,15026.0,14989.0,15080.0,15117.0,15136.0,15106.0,15256.0,15466.0,15702.0,15955.0,16243.0,16371.0,16503.0,16530.0,16401.0,16116.0
3036,26925.0,27349.0,27557.0,27692.0,27824.0,27970.0,28075.0,28135.0,28169.0,27952.0,27746.0,27591.0,27554.0,27517.0,27547.0,27642.0,27495.0,27334.0,27056.0,26499.0,25796.0
3037,51255.0,53344.0,55293.0,57161.0,59472.0,61932.0,64279.0,66222.0,68045.0,69387.0,69984.0,70820.0,71703.0,72373.0,73167.0,74042.0,74104.0,73858.0,73444.0,72351.0,70084.0
3038,32757.0,33159.0,33323.0,33334.0,33384.0,33443.0,33507.0,33529.0,33539.0,33357.0,33146.0,32894.0,32727.0,32546.0,32434.0,32398.0,32219.0,32020.0,31708.0,31139.0,30264.0
3039,12608.0,12691.0,12777.0,12830.0,12971.0,13123.0,13287.0,13618.0,14014.0,14164.0,14168.0,14436.0,14666.0,14820.0,14949.0,15158.0,15489.0,15768.0,16081.0,16621.0,16406.0
3040,5903.0,5929.0,5951.0,5979.0,6005.0,6089.0,6153.0,6280.0,6350.0,6458.0,6472.0,6594.0,6742.0,6896.0,7069.0,7250.0,7362.0,7498.0,7586.0,7635.0,7520.0
3041,8838.0,8818.0,8803.0,8826.0,8907.0,8987.0,9036.0,9169.0,9378.0,9419.0,9397.0,9424.0,9499.0,9578.0,9729.0,9968.0,10152.0,10261.0,10302.0,10264.0,10108.0
3042,22241.0,22156.0,22053.0,21963.0,21875.0,21904.0,21909.0,22063.0,22184.0,22311.0,22340.0,22557.0,22856.0,23223.0,23649.0,24146.0,24385.0,24665.0,24910.0,24750.0,24353.0
3043,34936.0,34671.0,34340.0,33976.0,33746.0,33668.0,33545.0,33454.0,33352.0,33152.0,32950.0,33041.0,33194.0,33439.0,33695.0,34044.0,34251.0,34391.0,34369.0,34157.0,33404.0
3044,15245.0,15241.0,15199.0,15260.0,15343.0,15499.0,15752.0,15935.0,16378.0,16594.0,16712.0,16923.0,17209.0,17596.0,18040.0,18577.0,19072.0,19407.0,19546.0,19582.0,18974.0
3045,149.0,148.0,144.0,142.0,137.0,133.0,138.0,141.0,144.0,149.0,158.0,165.0,173.0,179.0,187.0,194.0,181.0,168.0,155.0,142.0,129.0
3047,47103.0,46800.0,46368.0,45831.0,45600.0,45534.0,45573.0,45822.0,46226.0,46529.0,46749.0,47075.0,47489.0,48054.0,48677.0,49391.0,49934.0,50293.0,50486.0,50177.0,48504.0
3048,42004.0,42056.0,42201.0,42431.0,42766.0,43116.0,43650.0,44337.0,45049.0,45589.0,46045.0,46231.0,46579.0,47269.0,48397.0,50024.0,51262.0,52507.0,53290.0,53932.0,53724.0
3049,34780.0,34457.0,34093.0,33576.0,33378.0,33315.0,33520.0,33629.0,33672.0,33653.0,33538.0,33568.0,33646.0,33761.0,33890.0,34132.0,34328.0,34437.0,34453.0,34398.0,33256.0
3050,5332.0,5327.0,5253.0,5201.0,5157.0,5270.0,5649.0,6000.0,6331.0,6482.0,6551.0,6872.0,7174.0,7447.0,7682.0,7898.0,8182.0,8243.0,8294.0,8321.0,7446.0
3052,17747.0,17731.0,17702.0,17728.0,17766.0,18016.0,18595.0,19232.0,19911.0,20223.0,20415.0,20835.0,21231.0,21639.0,22026.0,22421.0,22731.0,22928.0,23134.0,23312.0,21945.0
3053,9529.0,10022.0,10611.0,11224.0,11924.0,12737.0,13509.0,14133.0,14687.0,14926.0,15122.0,15605.0,16719.0,17843.0,18983.0,20242.0,20669.0,20869.0,21088.0,20943.0,17198.0
3054,15696.0,15754.0,15786.0,15998.0,16183.0,16389.0,16750.0,17060.0,17347.0,17590.0,17752.0,18008.0,18705.0,19332.0,20026.0,20774.0,21172.0,21402.0,21576.0,21936.0,21258.0
3055,12415.0,12404.0,12449.0,12527.0,12609.0,12746.0,12946.0,13232.0,13580.0,13741.0,13864.0,13963.0,14057.0,14192.0,14344.0,14523.0,14549.0,14685.0,14840.0,14991.0,14499.0
3057,7263.0,7304.0,7329.0,7514.0,7658.0,7803.0,8058.0,8313.0,8586.0,8789.0,8966.0,9208.0,9870.0,10439.0,11062.0,11716.0,12149.0,12382.0,12588.0,13045.0,12963.0
3058,15245.0,15241.0,15199.0,15260.0,15343.0,15499.0,15752.0,15935.0,16378.0,16594.0,16712.0,16923.0,17209.0,17596.0,18040.0,18577.0,19072.0,19407.0,19546.0,19582.0,18974.0
3059,9950.0,10178.0,10573.0,11173.0,11636.0,12028.0,12248.0,12535.0,12902.0,13243.0,13543.0,13732.0,13991.0,14584.0,15629.0,17123.0,18256.0,19464.0,20298.0,21238.0,22391.0
3060,28422.0,28336.0,28204.0,28129.0,28084.0,28171.0,28478.0,28896.0,29425.0,29693.0,29906.0,30076.0,30363.0,30797.0,31198.0,31582.0,31832.0,31964.0,32042.0,31638.0,30448.0
3061,16125.0,16117.0,16040.0,15948.0,15917.0,15921.0,15997.0,16222.0,16455.0,16587.0,16735.0,16760.0,16836.0,16921.0,17013.0,17122.0,17164.0,17176.0,17135.0,16870.0,16255.0
3063,20232.0,20686.0,21514.0,22665.0,23600.0,24238.0,24790.0,25312.0,25863.0,26293.0,26615.0,26809.0,27079.0,27713.0,28799.0,30361.0,31588.0,32907.0,33920.0,35075.0,36177.0
3064,5781.0,5931.0,6208.0,6440.0,6700.0,6778.0,6869.0,7004.0,7156.0,7381.0,7580.0,7762.0,7920.0,8049.0,8221.0,8436.0,8779.0,9108.0,9417.0,9777.0,10747.0
3065,8315.0,8503.0,8641.0,8772.0,8961.0,9241.0,9596.0,9857.0,10050.0,10238.0,10214.0,10507.0,10705.0,10880.0,11056.0,11259.0,11325.0,11364.0,11363.0,11284.0,10609.0
3066,5221.0,5419.0,5537.0,5602.0,5653.0,5761.0,5939.0,6185.0,6454.0,6684.0,6867.0,7209.0,7427.0,8022.0,8582.0,9235.0,9439.0,9597.0,9817.0,9953.0,9348.0
3067,4150.0,4339.0,4444.0,4452.0,4498.0,4537.0,4638.0,4727.0,4833.0,5029.0,5213.0,5544.0,6539.0,7411.0,8078.0,8770.0,9288.0,9522.0,9586.0,9662.0,9262.0
3068,18393.0,18466.0,18531.0,18789.0,19144.0,19409.0,19783.0,20250.0,20690.0,20952.0,21109.0,21520.0,22316.0,23097.0,23963.0,24845.0,25398.0,25712.0,26109.0,26693.0,25918.0
3070,24941.0,25008.0,25035.0,25094.0,25225.0,25473.0,25811.0,26150.0,26441.0,26683.0,26819.0,27190.0,27600.0,27929.0,28388.0,29012.0,29181.0,29108.0,29167.0,29290.0,28224.0
3071,17056.0,17084.0,17084.0,17118.0,17193.0,17368.0,17622.0,17880.0,18064.0,18177.0,18258.0,18484.0,18773.0,18985.0,19254.0,19578.0,19711.0,19699.0,19708.0,19763.0,19152.0
3074,22546.0,22382.0,22228.0,21869.0,21570.0,21422.0,21328.0,21398.0,21512.0,21526.0,21430.0,21420.0,21430.0,21432.0,21442.0,21485.0,21482.0,21445.0,21351.0,21152.0,20211.0
3075,22546.0,22382.0,22228.0,21869.0,21570.0,21422.0,21328.0,21398.0,21512.0,21526.0,21430.0,21420.0,21430.0,21432.0,21442.0,21485.0,21482.0,21445.0,21351.0,21152.0,20211.0
3076,18680.0,18853.0,18895.0,18938.0,19053.0,19275.0,19303.0,19360.0,19398.0,19219.0,19046.0,18841.0,18656.0,18710.0,18653.0,18712.0,18633.0,18586.0,18461.0,18255.0,17647.0
3078,7885.0,7924.0,7951.0,7976.0,8032.0,8105.0,8189.0,8270.0,8377.0,8506.0,8561.0,8706.0,8827.0,8944.0,9134.0,9434.0,9470.0,9409.0,9459.0,9527.0,9072.0
3079,18149.0,18117.0,18195.0,18164.0,18292.0,18597.0,18870.0,19243.0,19515.0,19619.0,19649.0,19712.0,19761.0,19813.0,19939.0,20117.0,20438.0,20764.0,20991.0,20842.0,20362.0
3081,13300.0,13246.0,13234.0,13170.0,13224.0,13271.0,13385.0,13480.0,13694.0,13798.0,13984.0,14121.0,14267.0,14457.0,14634.0,14806.0,15047.0,15190.0,15527.0,15518.0,15038.0
3082,32360.0,32450.0,32393.0,32358.0,32437.0,32683.0,32658.0,32636.0,32603.0,32179.0,31856.0,31564.0,31281.0,31250.0,31163.0,31238.0,31045.0,30828.0,30498.0,30138.0,28989.0
3083,33684.0,34697.0,35760.0,36185.0,37159.0,38148.0,39331.0,40308.0,41346.0,41836.0,42174.0,42944.0,43754.0,44500.0,45276.0,46214.0,46384.0,46432.0,45991.0,45476.0,43460.0
3084,38731.0,38703.0,38648.0,38534.0,38803.0,39233.0,39812.0,40154.0,40819.0,41004.0,41031.0,41337.0,41692.0,42008.0,42276.0,42669.0,43123.0,43477.0,43844.0,43764.0,42894.0
3085,37159.0,37494.0,37873.0,38225.0,39042.0,39910.0,41212.0,42044.0,43239.0,43621.0,43811.0,44386.0,44973.0,45445.0,45918.0,46515.0,47095.0,47415.0,47495.0,47310.0,45657.0
3086,6084.0,6468.0,6929.0,7375.0,7986.0,8561.0,9323.0,9858.0,10419.0,10649.0,10821.0,11106.0,11349.0,11516.0,11730.0,11965.0,12093.0,12068.0,11789.0,11521.0,10564.0
3087,27738.0,27531.0,27376.0,27147.0,27211.0,27322.0,27675.0,27905.0,28195.0,28182.0,28095.0,28115.0,28191.0,28294.0,28402.0,28560.0,28656.0,28748.0,28719.0,28623.0,28194.0
3088,72610.0,72287.0,72065.0,71669.0,71994.0,72429.0,73100.0,73724.0,74534.0,74703.0,74648.0,74817.0,75065.0,75399.0,75840.0,76494.0,76751.0,76949.0,76974.0,76600.0,75371.0
3089,12601.0,12623.0,12517.0,12624.0,12787.0,12946.0,13267.0,13551.0,13783.0,13902.0,13931.0,13987.0,14058.0,14150.0,14221.0,14351.0,14417.0,14496.0,14484.0,14560.0,14539.0
3090,7787.0,7888.0,8033.0,8220.0,8476.0,8722.0,8828.0,9047.0,9266.0,9344.0,9401.0,9512.0,9580.0,9666.0,9706.0,9794.0,9834.0,9850.0,9860.0,9751.0,9522.0
3091,11505.0,11586.0,11682.0,11865.0,12132.0,12387.0,12490.0,12744.0,12941.0,13012.0,13061.0,13157.0,13209.0,13277.0,13309.0,13399.0,13457.0,13472.0,13478.0,13376.0,13095.0
3093,15726.0,15742.0,15700.0,15615.0,15651.0,15668.0,15769.0,15863.0,16110.0,16182.0,16165.0,16182.0,16222.0,16299.0,16508.0,16792.0,16858.0,16907.0,16940.0,16880.0,16658.0
3094,15726.0,15742.0,15700.0,15615.0,15651.0,15668.0,15769.0,15863.0,16110.0,16182.0,16165.0,16182.0,16222.0,16299.0,16508.0,16792.0,16858.0,16907.0,16940.0,16880.0,16658.0
3095,68320.0,68012.0,67725.0,67279.0,67204.0,67193.0,67333.0,67487.0,67805.0,67827.0,67649.0,67739.0,67932.0,68145.0,68535.0,69155.0,69348.0,69473.0,69517.0,69296.0,68351.0
3096,12601.0,12623.0,12517.0,12624.0,12787.0,12946.0,13267.0,13551.0,13783.0,13902.0,13931.0,13987.0,14058.0,14150.0,14221.0,14351.0,14417.0,14496.0,14484.0,14560.0,14539.0
3097,12059.0,12065.0,12064.0,12069.0,12132.0,12217.0,12203.0,12209.0,12196.0,12133.0,12073.0,12120.0,12169.0,12221.0,12296.0,12416.0,12451.0,12418.0,12311.0,12218.0,12109.0
3099,8821.0,8846.0,8833.0,8861.0,8942.0,9039.0,9027.0,9054.0,9004.0,8942.0,8887.0,8887.0,8898.0,8911.0,8945.0,9014.0,9048.0,9025.0,8936.0,8856.0,8697.0
3101,10265.0,10476.0,10585.0,10608.0,10699.0,10776.0,10943.0,11134.0,11317.0,11548.0,11765.0,12125.0,13166.0,14090.0,14820.0,15625.0,16130.0,16304.0,16364.0,16438.0,15819.0
3102,6115.0,6137.0,6141.0,6156.0,6201.0,6239.0,6305.0,6407.0,6484.0,6519.0,6552.0,6581.0,6627.0,6679.0,6742.0,6855.0,6842.0,6782.0,6778.0,6776.0,6557.0
3103,35275.0,35436.0,35561.0,35713.0,35983.0,36291.0,36520.0,36741.0,36940.0,37087.0,37164.0,37324.0,37537.0,37722.0,37905.0,38119.0,38523.0,38837.0,39060.0,38919.0,37743.0
3104,35738.0,35863.0,35942.0,36087.0,36327.0,36636.0,36979.0,37356.0,37726.0,37866.0,37886.0,38244.0,38698.0,39185.0,39537.0,39906.0,40166.0,40418.0,40665.0,40791.0,39715.0
3105,11057.0,11070.0,11046.0,10990.0,10920.0,10867.0,11013.0,11136.0,11290.0,11350.0,11376.0,11397.0,11434.0,11468.0,11504.0,11565.0,11580.0,11622.0,11615.0,11642.0,11371.0
3106,30816.0,30823.0,30737.0,30657.0,30638.0,30713.0,30857.0,31001.0,31157.0,31187.0,31136.0,31225.0,31341.0,31475.0,31705.0,31987.0,32103.0,32075.0,32083.0,32086.0,31383.0
3107,60238.0,60399.0,60323.0,60209.0,60120.0,60179.0,60587.0,60971.0,61462.0,61668.0,61855.0,62281.0,62872.0,63448.0,64285.0,65437.0,66380.0,66915.0,67845.0,68811.0,67926.0
3108,43056.0,43190.0,43136.0,43038.0,42942.0,42971.0,43320.0,43657.0,44086.0,44297.0,44511.0,44900.0,45445.0,45979.0,46735.0,47755.0,48674.0,49247.0,50187.0,51284.0,50821.0
3109,25724.0,25848.0,25968.0,25991.0,26212.0,26403.0,26489.0,26615.0,26689.0,26703.0,26654.0,26698.0,26806.0,26937.0,27080.0,27328.0,27367.0,27372.0,27299.0,27034.0,26589.0
3111,25724.0,25848.0,25968.0,25991.0,26212.0,26403.0,26489.0,26615.0,26689.0,26703.0,26654.0,26698.0,26806.0,26937.0,27080.0,27328.0,27367.0,27372.0,27299.0,27034.0,26589.0
3113,16828.0,16923.0,17032.0,17046.0,17180.0,17254.0,17263.0,17295.0,17334.0,17339.0,17348.0,17386.0,17424.0,17459.0,17514.0,17620.0,17633.0,17598.0,17534.0,17379.0,17168.0
3114,25371.0,25357.0,25313.0,25302.0,25408.0,25533.0,25633.0,25771.0,25859.0,25883.0,25810.0,25901.0,26057.0,26256.0,26430.0,26706.0,26812.0,26855.0,26794.0,26561.0,26132.0
3115,27521.0,27716.0,27854.0,28038.0,28418.0,28644.0,28688.0,28898.0,29195.0,29208.0,29115.0,29127.0,29188.0,29230.0,29257.0,29365.0,29375.0,29335.0,29251.0,29008.0,28418.0
3116,38235.0,38558.0,38754.0,38817.0,39159.0,39486.0,39857.0,40256.0,40724.0,40973.0,41245.0,41530.0,41938.0,42457.0,43105.0,43906.0,44674.0,45190.0,45817.0,46029.0,45503.0
3122,12912.0,13172.0,13343.0,13423.0,13505.0,13626.0,13835.0,14022.0,14241.0,14369.0,14417.0,14531.0,14732.0,15066.0,15601.0,16192.0,16466.0,16670.0,16749.0,16689.0,15898.0
3123,28026.0,28392.0,28626.0,28799.0,29031.0,29251.0,29700.0,30250.0,30726.0,30978.0,31051.0,31348.0,31694.0,32100.0,32676.0,33374.0,33815.0,34078.0,34244.0,34043.0,32908.0
3124,64051.0,64479.0,64736.0,64978.0,65355.0,65675.0,66353.0,67180.0,67997.0,68408.0,68602.0,69187.0,69867.0,70703.0,71818.0,73146.0,73720.0,74006.0,74151.0,73395.0,70510.0
3125,14503.0,14648.0,14710.0,14835.0,15243.0,15612.0,15966.0,16191.0,16560.0,16658.0,16979.0,17522.0,18002.0,18437.0,18835.0,19308.0,19757.0,19966.0,20244.0,20302.0,19790.0
3126,31269.0,31368.0,31446.0,31576.0,31816.0,32085.0,32302.0,32535.0,32757.0,32880.0,32947.0,33014.0,33174.0,33341.0,33536.0,33805.0,34028.0,34201.0,34228.0,33784.0,32422.0
3127,76365.0,76571.0,76829.0,77101.0,77578.0,78170.0,78920.0,79727.0,80581.0,80960.0,81046.0,81561.0,82326.0,83308.0,84276.0,85373.0,85935.0,86310.0,86543.0,85914.0,82500.0
3128,15447.0,15552.0,15629.0,15766.0,16109.0,16476.0,17012.0,17414.0,17965.0,18218.0,18240.0,18697.0,19169.0,19618.0,20170.0,20839.0,21747.0,22686.0,23420.0,24101.0,23232.0
3129,15780.0,15820.0,15843.0,15915.0,16038.0,16224.0,16447.0,16699.0,16973.0,17051.0,17036.0,17239.0,17543.0,17940.0,18205.0,18466.0,18557.0,18653.0,18749.0,18887.0,18304.0
3130,29731.0,29702.0,29676.0,29667.0,29740.0,29905.0,30202.0,30759.0,31205.0,31448.0,31610.0,31902.0,32257.0,32549.0,32951.0,33520.0,33886.0,34073.0,34284.0,34331.0,33382.0
3131,20669.0,20604.0,20489.0,20451.0,20442.0,20563.0,20970.0,21165.0,21521.0,21646.0,21812.0,22059.0,22378.0,22639.0,22963.0,23437.0,23815.0,24029.0,24022.0,23997.0,23388.0
3132,14232.0,14378.0,14524.0,14635.0,14734.0,14852.0,14976.0,15102.0,15208.0,15265.0,15346.0,15804.0,16205.0,16482.0,16686.0,16859.0,17077.0,17220.0,17268.0,17318.0,16935.0
3133,21772.0,21658.0,21510.0,21461.0,21426.0,21610.0,21775.0,21894.0,22115.0,22178.0,22152.0,22338.0,22521.0,22689.0,22893.0,23147.0,23365.0,23519.0,23626.0,23612.0,23127.0
3134,96264.0,96350.0,96389.0,96473.0,97068.0,97636.0,98438.0,99425.0,100754.0,101169.0,101450.0,102120.0,102890.0,103815.0,104748.0,105929.0,106813.0,107295.0,107791.0,107780.0,105903.0
3135,33828.0,33739.0,33700.0,33600.0,33681.0,33754.0,34257.0,34768.0,35553.0,35864.0,36264.0,36700.0,37128.0,37710.0,38311.0,38962.0,39605.0,39968.0,40495.0,40887.0,40270.0
3136,33029.0,33060.0,33032.0,33092.0,33295.0,33455.0,33674.0,34156.0,34903.0,35138.0,35207.0,35501.0,35816.0,36102.0,36351.0,36683.0,37061.0,37242.0,37567.0,37748.0,37154.0
3137,26545.0,26491.0,26529.0,26548.0,26517.0,26560.0,26750.0,27075.0,27428.0,27542.0,27558.0,27771.0,28003.0,28183.0,28437.0,28805.0,29024.0,29194.0,29384.0,29307.0,28943.0
3138,35215.0,35363.0,35393.0,35385.0,35563.0,35814.0,36204.0,36643.0,37178.0,37448.0,37709.0,38009.0,38418.0,38930.0,39576.0,40371.0,41190.0,41741.0,42380.0,42680.0,42315.0
3139,49404.0,49558.0,49621.0,49754.0,49840.0,50159.0,50447.0,50783.0,51250.0,51492.0,51620.0,51834.0,52072.0,52324.0,52651.0,53167.0,53425.0,53688.0,53799.0,53707.0,53567.0
3140,35732.0,36021.0,36180.0,36269.0,36594.0,37032.0,37626.0,38395.0,39176.0,39527.0,39838.0,40193.0,40602.0,41133.0,41816.0,42475.0,43041.0,43377.0,43713.0,43811.0,43230.0
3141,5317.0,5233.0,5176.0,5183.0,5289.0,5538.0,5837.0,6118.0,6380.0,6418.0,6426.0,6400.0,6393.0,6397.0,6405.0,6453.0,6831.0,6954.0,7052.0,6955.0,6542.0
3142,13318.0,13367.0,13455.0,13563.0,13672.0,13765.0,13861.0,13956.0,13979.0,13939.0,13768.0,13795.0,13841.0,13878.0,13939.0,14036.0,13958.0,13947.0,13903.0,13627.0,13098.0
3143,25220.0,25407.0,25544.0,25887.0,26141.0,26457.0,26911.0,27447.0,27843.0,28013.0,28039.0,28709.0,29315.0,29868.0,30319.0,30894.0,30996.0,31175.0,31117.0,30894.0,28896.0
3144,40475.0,40621.0,40907.0,41209.0,41421.0,41748.0,42127.0,42834.0,43347.0,43492.0,43348.0,43622.0,43908.0,44163.0,44433.0,44803.0,44812.0,45212.0,45517.0,45128.0,43016.0
3145,63961.0,64388.0,64735.0,65196.0,65699.0,66412.0,67236.0,68297.0,69190.0,69627.0,69846.0,70632.0,71494.0,72350.0,73157.0,74115.0,75018.0,75612.0,76113.0,76181.0,73467.0
3146,73012.0,73631.0,74173.0,74768.0,75267.0,75965.0,77061.0,78446.0,79531.0,80022.0,80194.0,81050.0,81911.0,82836.0,83877.0,85201.0,85991.0,86662.0,87201.0,86844.0,83636.0
3147,36639.0,36952.0,37131.0,37400.0,38035.0,38523.0,39308.0,40037.0,40778.0,41101.0,41488.0,42251.0,42912.0,43441.0,43928.0,44594.0,45281.0,45619.0,46031.0,45957.0,44825.0
3148,14503.0,14648.0,14710.0,14835.0,15243.0,15612.0,15966.0,16191.0,16560.0,16658.0,16979.0,17522.0,18002.0,18437.0,18835.0,19308.0,19757.0,19966.0,20244.0,20302.0,19790.0
3149,30901.0,30925.0,30934.0,31041.0,31163.0,31459.0,31888.0,32428.0,33171.0,33500.0,33546.0,33844.0,34166.0,34520.0,34843.0,35344.0,35810.0,36239.0,36525.0,36665.0,35716.0
3150,60026.0,59824.0,59643.0,59616.0,59740.0,60166.0,60299.0,60562.0,61084.0,61160.0,60989.0,61307.0,61666.0,62171.0,62698.0,63184.0,63850.0,64488.0,65143.0,65562.0,64077.0
3151,10180.0,10140.0,10145.0,10165.0,10183.0,10239.0,10312.0,10408.0,10525.0,10572.0,10614.0,10636.0,10667.0,10685.0,10713.0,10772.0,10836.0,10892.0,10965.0,11041.0,10778.0
3152,43475.0,43633.0,43517.0,43554.0,43441.0,43612.0,43745.0,43851.0,43999.0,44067.0,44131.0,44308.0,44576.0,44900.0,45228.0,45589.0,45815.0,46088.0,46311.0,46400.0,45259.0
3153,54941.0,54896.0,54839.0,54896.0,54923.0,55085.0,55706.0,56186.0,56843.0,57070.0,57444.0,57817.0,58261.0,58907.0,59574.0,60297.0,60846.0,61346.0,61748.0,61893.0,60476.0
3155,10728.0,10746.0,10792.0,10831.0,10867.0,10973.0,11124.0,11213.0,11361.0,11458.0,11635.0,11807.0,11995.0,12219.0,12415.0,12584.0,12690.0,12808.0,12934.0,12973.0,12707.0
3156,44951.0,46237.0,47071.0,47164.0,47444.0,47872.0,48437.0,48728.0,49190.0,49283.0,49109.0,49508.0,49905.0,50317.0,50828.0,51514.0,51924.0,52190.0,52341.0,52165.0,51295.0
3158,10357.0,10360.0,10310.0,10256.0,10148.0,10096.0,10070.0,10072.0,10095.0,10085.0,10067.0,10045.0,10026.0,10017.0,10019.0,10040.0,10032.0,10016.0,9986.0,9938.0,9848.0
3159,20529.0,20538.0,20507.0,20447.0,20334.0,20288.0,20374.0,20398.0,20478.0,20510.0,20474.0,20478.0,20487.0,20489.0,20495.0,20562.0,20527.0,20489.0,20412.0,20268.0,19866.0
3160,21099.0,21129.0,21053.0,20941.0,20713.0,20606.0,20601.0,20567.0,20599.0,20560.0,20481.0,20461.0,20449.0,20441.0,20448.0,20493.0,20480.0,20439.0,20356.0,20266.0,19943.0
3161,18975.0,19149.0,19188.0,19227.0,19463.0,19698.0,19875.0,20101.0,20385.0,20583.0,20703.0,20930.0,21277.0,21614.0,21956.0,22288.0,22842.0,23028.0,23156.0,23380.0,22739.0
3162,15636.0,15699.0,15815.0,16044.0,16262.0,16508.0,16599.0,16859.0,17098.0,17177.0,17227.0,17430.0,17636.0,17921.0,18156.0,18393.0,18550.0,18730.0,18788.0,18691.0,18232.0
3163,33901.0,34193.0,34278.0,34650.0,35152.0,35910.0,36796.0,37554.0,38414.0,38740.0,38997.0,39715.0,40461.0,41247.0,42027.0,42957.0,43304.0,43640.0,43801.0,43613.0,41572.0
3166,25517.0,25538.0,25655.0,25908.0,26123.0,26465.0,27033.0,27663.0,28270.0,28534.0,28616.0,28976.0,29310.0,29677.0,30107.0,30655.0,31039.0,31238.0,31474.0,31637.0,30898.0
3167,31942.0,31782.0,31715.0,31794.0,31854.0,32035.0,32229.0,32634.0,33028.0,33283.0,33431.0,33666.0,33910.0,34201.0,34515.0,34940.0,35298.0,35523.0,35766.0,35808.0,34910.0
3169,40971.0,40908.0,41052.0,41308.0,41396.0,41594.0,41842.0,42298.0,42874.0,43144.0,43389.0,43871.0,44294.0,44643.0,44986.0,45483.0,45769.0,46075.0,46582.0,46418.0,44978.0
3170,16951.0,16788.0,16633.0,16648.0,16747.0,16866.0,17227.0,17641.0,18028.0,18296.0,18517.0,18977.0,19466.0,19874.0,20181.0,20462.0,20517.0,20609.0,20667.0,20675.0,20078.0
3171,18557.0,18581.0,18603.0,18641.0,18716.0,19033.0,19245.0,19586.0,19969.0,20353.0,20712.0,20940.0,21132.0,21505.0,22188.0,22761.0,23210.0,23540.0,23763.0,23636.0,22537.0
3172,21997.0,21997.0,21984.0,22048.0,22113.0,22438.0,22637.0,22906.0,23155.0,23264.0,23255.0,23361.0,23460.0,23572.0,23668.0,23838.0,23941.0,24013.0,24087.0,24007.0,23292.0
3174,49944.0,49691.0,49491.0,49420.0,49392.0,49684.0,49889.0,50315.0,50781.0,51098.0,51414.0,51750.0,52073.0,52590.0,53463.0,54316.0,54904.0,55307.0,55537.0,55016.0,52896.0
3175,41665.0,41670.0,41577.0,41519.0,41484.0,41515.0,41664.0,42111.0,42435.0,42445.0,42366.0,42486.0,42684.0,42929.0,43228.0,43666.0,43908.0,44090.0,44095.0,43632.0,42474.0
3177,10072.0,9987.0,9918.0,9834.0,9769.0,9672.0,9823.0,9979.0,10192.0,10436.0,10695.0,10919.0,11207.0,11484.0,11665.0,11867.0,12091.0,12252.0,12335.0,12498.0,12061.0
3178,36192.0,37824.0,39204.0,39580.0,40175.0,40863.0,41383.0,41882.0,42407.0,42550.0,42237.0,42212.0,42210.0,42169.0,42119.0,42133.0,42093.0,41977.0,41805.0,41452.0,40623.0
3179,31256.0,31361.0,31277.0,31275.0,31257.0,31381.0,31402.0,31569.0,31693.0,31706.0,31647.0,32033.0,32479.0,32971.0,33577.0,34332.0,34797.0,35177.0,35517.0,35570.0,34835.0
3180,13242.0,13181.0,13113.0,13076.0,13066.0,13103.0,13164.0,13260.0,13389.0,13436.0,13471.0,13858.0,14236.0,14645.0,15140.0,15752.0,16206.0,16575.0,16905.0,16992.0,16733.0
3181,16588.0,16724.0,16820.0,17117.0,17358.0,17594.0,17921.0,18299.0,18583.0,18695.0,18738.0,19401.0,19977.0,20481.0,20834.0,21275.0,21364.0,21276.0,21081.0,20831.0,19460.0
3182,15095.0,15348.0,15462.0,15604.0,15725.0,15847.0,15948.0,16157.0,16480.0,16653.0,16686.0,16755.0,16912.0,17139.0,17315.0,17613.0,17562.0,17646.0,17704.0,17245.0,16085.0
3183,34070.0,34497.0,34650.0,34831.0,35188.0,35545.0,35823.0,36258.0,36865.0,37236.0,37389.0,37685.0,38189.0,38753.0,39271.0,39901.0,40404.0,40674.0,40860.0,40625.0,38824.0
3184,13342.0,13500.0,13683.0,13934.0,14216.0,14477.0,14790.0,15076.0,15425.0,15552.0,15666.0,15807.0,15910.0,16063.0,16145.0,16382.0,16383.0,16259.0,16191.0,15910.0,15041.0
3185,25435.0,25721.0,25877.0,26097.0,26252.0,26515.0,26826.0,27188.0,27679.0,27931.0,27978.0,28107.0,28388.0,28826.0,29140.0,29723.0,29798.0,30054.0,30208.0,29739.0,28117.0
3186,51410.0,51752.0,52097.0,52303.0,52581.0,53193.0,53919.0,54721.0,55524.0,55972.0,56312.0,56705.0,57360.0,58105.0,58863.0,59682.0,60003.0,60237.0,60315.0,60071.0,58154.0
3187,60382.0,60965.0,61536.0,62083.0,62697.0,63945.0,65083.0,66353.0,67567.0,68185.0,68704.0,69647.0,70533.0,71302.0,71967.0,72972.0,73789.0,74496.0,75281.0,75565.0,73600.0
3188,30458.0,30608.0,30759.0,30912.0,31147.0,31578.0,32027.0,32505.0,32933.0,33219.0,33587.0,33936.0,34443.0,34976.0,35529.0,36128.0,36321.0,36550.0,36868.0,36857.0,35924.0
3189,6484.0,6755.0,7162.0,7522.0,7707.0,7925.0,8113.0,8164.0,8262.0,8283.0,8368.0,8487.0,8607.0,8763.0,8952.0,9253.0,9393.0,9453.0,9527.0,9438.0,9198.0
3191,14432.0,14525.0,14585.0,14675.0,14821.0,15010.0,15237.0,15463.0,15631.0,15748.0,15888.0,16098.0,16444.0,16811.0,17184.0,17517.0,17594.0,17746.0,17974.0,17885.0,17518.0
3192,12763.0,12768.0,12729.0,12715.0,12721.0,12767.0,12877.0,13123.0,13264.0,13351.0,13375.0,13472.0,13631.0,13831.0,13995.0,14250.0,14269.0,14423.0,14391.0,14343.0,14124.0
3193,27195.0,27293.0,27314.0,27390.0,27542.0,27777.0,28114.0,28586.0,28895.0,29099.0,29263.0,29570.0,30075.0,30642.0,31179.0,31767.0,31863.0,32169.0,32365.0,32228.0,31642.0
3194,11561.0,11506.0,11474.0,11514.0,11524.0,11571.0,11682.0,11728.0,11936.0,12046.0,12224.0,12573.0,12768.0,13031.0,13332.0,13695.0,13778.0,13802.0,13870.0,13838.0,13304.0
3195,33488.0,34476.0,35220.0,35769.0,36400.0,37174.0,38141.0,39105.0,40356.0,40808.0,41065.0,41721.0,42178.0,42625.0,43130.0,43832.0,43952.0,44374.0,44857.0,44719.0,44047.0
3196,28625.0,28662.0,28667.0,28672.0,28773.0,28887.0,29334.0,29863.0,30586.0,30991.0,31258.0,31683.0,32089.0,32441.0,33033.0,33747.0,34034.0,34372.0,34686.0,34713.0,34405.0
3197,26535.0,26696.0,26690.0,26662.0,26648.0,26756.0,27033.0,27583.0,28031.0,28216.0,28238.0,28395.0,28609.0,28824.0,28999.0,29262.0,29449.0,29638.0,29710.0,29669.0,29474.0
3198,16257.0,16136.0,16001.0,15922.0,15840.0,15892.0,16013.0,16201.0,16408.0,16516.0,16574.0,16719.0,16866.0,16980.0,17046.0,17151.0,17235.0,17315.0,17389.0,17417.0,17359.0
3199,59549.0,59111.0,58748.0,58533.0,58314.0,58367.0,58680.0,59168.0,59645.0,59996.0,60181.0,60468.0,60863.0,61279.0,61755.0,62444.0,62812.0,63159.0,63334.0,63331.0,62521.0
3200,20230.0,19923.0,19605.0,19511.0,19255.0,19105.0,19160.0,19289.0,19458.0,19581.0,19620.0,19682.0,19725.0,19777.0,19827.0,19939.0,19990.0,20007.0,19989.0,19945.0,19665.0
3201,31676.0,32025.0,32347.0,32737.0,32962.0,33442.0,33911.0,34543.0,35466.0,36015.0,36256.0,36755.0,37450.0,37955.0,38337.0,38700.0,39048.0,39342.0,39561.0,39775.0,39621.0
3202,6484.0,6755.0,7162.0,7522.0,7707.0,7925.0,8113.0,8164.0,8262.0,8283.0,8368.0,8487.0,8607.0,8763.0,8952.0,9253.0,9393.0,9453.0,9527.0,9438.0,9198.0
3204,30001.0,30297.0,30580.0,30970.0,31360.0,32112.0,32833.0,33572.0,34307.0,34654.0,34918.0,35593.0,36162.0,36664.0,37037.0,37643.0,38270.0,38789.0,39409.0,39604.0,38499.0
3206,12368.0,12595.0,12800.0,12997.0,13269.0,13550.0,13731.0,13928.0,14245.0,14595.0,15009.0,15142.0,15282.0,15592.0,16053.0,16490.0,16495.0,16720.0,17071.0,16942.0,16023.0
3207,11057.0,12720.0,14428.0,16126.0,17322.0,18201.0,19169.0,19998.0,20717.0,21143.0,21609.0,22766.0,24486.0,26085.0,27698.0,29301.0,31410.0,32783.0,33672.0,33659.0,32315.0
3211,13075.0,13665.0,14004.0,14213.0,14417.0,14684.0,14878.0,15100.0,15283.0,15503.0,15861.0,16507.0,17078.0,17546.0,17996.0,18587.0,19141.0,19759.0,20258.0,20540.0,20850.0
3212,13075.0,13665.0,14004.0,14213.0,14417.0,14684.0,14878.0,15100.0,15283.0,15503.0,15861.0,16507.0,17078.0,17546.0,17996.0,18587.0,19141.0,19759.0,20258.0,20540.0,20850.0
3215,44156.0,44307.0,44371.0,44342.0,44290.0,44334.0,44571.0,44950.0,45371.0,45795.0,46156.0,46382.0,46664.0,46980.0,47421.0,48138.0,48717.0,49285.0,50034.0,50402.0,50460.0
3216,45272.0,46066.0,46698.0,47262.0,47775.0,48623.0,49747.0,50982.0,52431.0,53753.0,55029.0,56496.0,57967.0,59388.0,60735.0,62061.0,63572.0,65142.0,66992.0,68531.0,70272.0
3217,15469.0,15990.0,16503.0,16923.0,17313.0,17726.0,18100.0,18480.0,18991.0,19449.0,19834.0,20397.0,21148.0,21858.0,22390.0,22794.0,23062.0,23440.0,23776.0,23815.0,24079.0
3218,18634.0,18687.0,18675.0,18562.0,18462.0,18504.0,18574.0,18754.0,18939.0,19092.0,19247.0,19354.0,19476.0,19588.0,19756.0,20021.0,20219.0,20491.0,20781.0,21107.0,21244.0
3219,25877.0,26121.0,26359.0,26566.0,26690.0,26672.0,26784.0,26909.0,27038.0,27227.0,27384.0,27506.0,27619.0,27714.0,27813.0,27950.0,28201.0,28464.0,28815.0,28922.0,28879.0
3220,21718.0,21723.0,21771.0,21821.0,21834.0,21823.0,21935.0,22036.0,22150.0,22310.0,22452.0,22623.0,22897.0,23107.0,23323.0,23560.0,23750.0,23921.0,24031.0,24010.0,23883.0
3221,93178.0,94899.0,96422.0,97635.0,98793.0,99781.0,101040.0,102540.0,104314.0,106045.0,107863.0,109903.0,112132.0,113963.0,115769.0,118142.0,120368.0,122812.0,125483.0,127300.0,129144.0
3222,18278.0,18974.0,19390.0,19658.0,19910.0,20103.0,20249.0,20569.0,21043.0,21519.0,22096.0,22718.0,23617.0,24576.0,25618.0,26733.0,27493.0,28145.0,28858.0,29366.0,29929.0
3223,5391.0,5455.0,5558.0,5599.0,5716.0,5681.0,5863.0,5978.0,6186.0,6400.0,6647.0,6880.0,7042.0,7139.0,7276.0,7517.0,7770.0,8082.0,8403.0,8866.0,9450.0
3224,8074.0,8428.0,8725.0,8877.0,8965.0,9067.0,9065.0,9219.0,9485.0,9784.0,10230.0,10726.0,11369.0,11985.0,12544.0,13140.0,13352.0,13398.0,13302.0,13255.0,13213.0
3228,10225.0,10625.0,10853.0,11058.0,11292.0,11758.0,12472.0,13221.0,14011.0,14743.0,15497.0,16337.0,17006.0,17641.0,18365.0,19131.0,20033.0,20972.0,22116.0,23299.0,24617.0
3230,4748.0,4791.0,4822.0,4816.0,4818.0,4799.0,4871.0,4989.0,5073.0,5123.0,5151.0,5165.0,5184.0,5195.0,5211.0,5261.0,5379.0,5519.0,5671.0,5882.0,6189.0
3231,4748.0,4791.0,4822.0,4816.0,4818.0,4799.0,4871.0,4989.0,5073.0,5123.0,5151.0,5165.0,5184.0,5195.0,5211.0,5261.0,5379.0,5519.0,5671.0,5882.0,6189.0
3232,4748.0,4791.0,4822.0,4816.0,4818.0,4799.0,4871.0,4989.0,5073.0,5123.0,5151.0,5165.0,5184.0,5195.0,5211.0,5261.0,5379.0,5519.0,5671.0,5882.0,6189.0
3235,10166.0,10227.0,10263.0,10307.0,10305.0,10307.0,10416.0,10604.0,10797.0,10879.0,10939.0,10959.0,10985.0,10998.0,11016.0,11085.0,11265.0,11508.0,11815.0,12229.0,12771.0
3240,5418.0,5436.0,5441.0,5491.0,5487.0,5508.0,5545.0,5615.0,5724.0,5756.0,5788.0,5794.0,5801.0,5803.0,5805.0,5824.0,5886.0,5989.0,6144.0,6347.0,6582.0
3241,10166.0,10227.0,10263.0,10307.0,10305.0,10307.0,10416.0,10604.0,10797.0,10879.0,10939.0,10959.0,10985.0,10998.0,11016.0,11085.0,11265.0,11508.0,11815.0,12229.0,12771.0
3242,5418.0,5436.0,5441.0,5491.0,5487.0,5508.0,5545.0,5615.0,5724.0,5756.0,5788.0,5794.0,5801.0,5803.0,5805.0,5824.0,5886.0,5989.0,6144.0,6347.0,6582.0
3285,9303.0,9280.0,9254.0,9228.0,9254.0,9246.0,9201.0,9205.0,9171.0,9068.0,8922.0,8879.0,8842.0,8794.0,8765.0,8778.0,8793.0,8813.0,8827.0,8839.0,8871.0
3286,9303.0,9280.0,9254.0,9228.0,9254.0,9246.0,9201.0,9205.0,9171.0,9068.0,8922.0,8879.0,8842.0,8794.0,8765.0,8778.0,8793.0,8813.0,8827.0,8839.0,8871.0
3289,6728.0,6699.0,6688.0,6636.0,6634.0,6635.0,6638.0,6626.0,6604.0,6495.0,6437.0,6378.0,6312.0,6251.0,6184.0,6143.0,6146.0,6165.0,6182.0,6209.0,6264.0
3292,9303.0,9280.0,9254.0,9228.0,9254.0,9246.0,9201.0,9205.0,9171.0,9068.0,8922.0,8879.0,8842.0,8794.0,8765.0,8778.0,8793.0,8813.0,8827.0,8839.0,8871.0
3293,6728.0,6699.0,6688.0,6636.0,6634.0,6635.0,6638.0,6626.0,6604.0,6495.0,6437.0,6378.0,6312.0,6251.0,6184.0,6143.0,6146.0,6165.0,6182.0,6209.0,6264.0
3294,6728.0,6699.0,6688.0,6636.0,6634.0,6635.0,6638.0,6626.0,6604.0,6495.0,6437.0,6378.0,6312.0,6251.0,6184.0,6143.0,6146.0,6165.0,6182.0,6209.0,6264.0
3300,16994.0,16999.0,17014.0,16989.0,17009.0,16969.0,17024.0,17014.0,16982.0,16839.0,16662.0,16564.0,16455.0,16357.0,16264.0,16224.0,16268.0,16343.0,16425.0,16541.0,16548.0
3301,16031.0,15979.0,15942.0,15864.0,15888.0,15881.0,15839.0,15831.0,15775.0,15563.0,15359.0,15257.0,15154.0,15045.0,14949.0,14921.0,14939.0,14978.0,15009.0,15048.0,15135.0
3302,16031.0,15979.0,15942.0,15864.0,15888.0,15881.0,15839.0,15831.0,15775.0,15563.0,15359.0,15257.0,15154.0,15045.0,14949.0,14921.0,14939.0,14978.0,15009.0,15048.0,15135.0
3303,9303.0,9280.0,9254.0,9228.0,9254.0,9246.0,9201.0,9205.0,9171.0,9068.0,8922.0,8879.0,8842.0,8794.0,8765.0,8778.0,8793.0,8813.0,8827.0,8839.0,8871.0
3304,9303.0,9280.0,9254.0,9228.0,9254.0,9246.0,9201.0,9205.0,9171.0,9068.0,8922.0,8879.0,8842.0,8794.0,8765.0,8778.0,8793.0,8813.0,8827.0,8839.0,8871.0
3305,20049.0,20026.0,20002.0,19980.0,20022.0,20050.0,20001.0,20017.0,19983.0,19924.0,19816.0,19785.0,19759.0,19716.0,19684.0,19721.0,19785.0,19871.0,19965.0,20021.0,20053.0
3309,9303.0,9280.0,9254.0,9228.0,9254.0,9246.0,9201.0,9205.0,9171.0,9068.0,8922.0,8879.0,8842.0,8794.0,8765.0,8778.0,8793.0,8813.0,8827.0,8839.0,8871.0
3310,9303.0,9280.0,9254.0,9228.0,9254.0,9246.0,9201.0,9205.0,9171.0,9068.0,8922.0,8879.0,8842.0,8794.0,8765.0,8778.0,8793.0,8813.0,8827.0,8839.0,8871.0
3311,9303.0,9280.0,9254.0,9228.0,9254.0,9246.0,9201.0,9205.0,9171.0,9068.0,8922.0,8879.0,8842.0,8794.0,8765.0,8778.0,8793.0,8813.0,8827.0,8839.0,8871.0
3312,19384.0,19282.0,19212.0,19079.0,19062.0,19024.0,18927.0,18878.0,18793.0,18537.0,18261.0,18128.0,17996.0,17851.0,17729.0,17703.0,17723.0,17761.0,17790.0,17830.0,17883.0
3314,6728.0,6699.0,6688.0,6636.0,6634.0,6635.0,6638.0,6626.0,6604.0,6495.0,6437.0,6378.0,6312.0,6251.0,6184.0,6143.0,6146.0,6165.0,6182.0,6209.0,6264.0
3315,16031.0,15979.0,15942.0,15864.0,15888.0,15881.0,15839.0,15831.0,15775.0,15563.0,15359.0,15257.0,15154.0,15045.0,14949.0,14921.0,14939.0,14978.0,15009.0,15048.0,15135.0
3317,10081.0,10002.0,9958.0,9851.0,9808.0,9778.0,9726.0,9673.0,9622.0,9469.0,9339.0,9249.0,9154.0,9057.0,8964.0,8925.0,8930.0,8948.0,8963.0,8991.0,9012.0
3318,3353.0,3303.0,3270.0,3215.0,3174.0,3143.0,3088.0,3047.0,3018.0,2974.0,2902.0,2871.0,2842.0,2806.0,2780.0,2782.0,2784.0,2783.0,2781.0,2782.0,2748.0
3319,3353.0,3303.0,3270.0,3215.0,3174.0,3143.0,3088.0,3047.0,3018.0,2974.0,2902.0,2871.0,2842.0,2806.0,2780.0,2782.0,2784.0,2783.0,2781.0,2782.0,2748.0
3321,10529.0,10546.0,10625.0,10852.0,10981.0,11089.0,11175.0,11347.0,11606.0,11828.0,12071.0,12210.0,12381.0,12484.0,12591.0,12761.0,12998.0,13306.0,13683.0,14103.0,14647.0
3322,5111.0,5110.0,5184.0,5361.0,5494.0,5581.0,5630.0,5732.0,5882.0,6072.0,6283.0,6416.0,6580.0,6681.0,6786.0,6937.0,7112.0,7317.0,7539.0,7756.0,8065.0
3324,3875.0,3908.0,3912.0,3915.0,3948.0,3956.0,3973.0,3988.0,4032.0,4068.0,4102.0,4195.0,4284.0,4363.0,4444.0,4540.0,4609.0,4688.0,4778.0,4824.0,4868.0
3325,3809.0,3801.0,3800.0,3809.0,3821.0,3838.0,3843.0,3852.0,3869.0,3882.0,3886.0,3955.0,4047.0,4172.0,4317.0,4454.0,4483.0,4444.0,4536.0,4598.0,4618.0
3328,5111.0,5110.0,5184.0,5361.0,5494.0,5581.0,5630.0,5732.0,5882.0,6072.0,6283.0,6416.0,6580.0,6681.0,6786.0,6937.0,7112.0,7317.0,7539.0,7756.0,8065.0
3329,5111.0,5110.0,5184.0,5361.0,5494.0,5581.0,5630.0,5732.0,5882.0,6072.0,6283.0,6416.0,6580.0,6681.0,6786.0,6937.0,7112.0,7317.0,7539.0,7756.0,8065.0
3330,5111.0,5110.0,5184.0,5361.0,5494.0,5581.0,5630.0,5732.0,5882.0,6072.0,6283.0,6416.0,6580.0,6681.0,6786.0,6937.0,7112.0,7317.0,7539.0,7756.0,8065.0
3331,7680.0,7833.0,8154.0,8543.0,8934.0,9168.0,9455.0,9810.0,10195.0,10599.0,11037.0,11537.0,12164.0,12591.0,12978.0,13486.0,13989.0,14439.0,14891.0,15350.0,15798.0
3332,5111.0,5110.0,5184.0,5361.0,5494.0,5581.0,5630.0,5732.0,5882.0,6072.0,6283.0,6416.0,6580.0,6681.0,6786.0,6937.0,7112.0,7317.0,7539.0,7756.0,8065.0
3333,10461.0,10425.0,10504.0,10683.0,10845.0,10952.0,11011.0,11136.0,11345.0,11557.0,11771.0,11945.0,12162.0,12312.0,12478.0,12698.0,12978.0,13307.0,13653.0,13992.0,14402.0
3334,10461.0,10425.0,10504.0,10683.0,10845.0,10952.0,11011.0,11136.0,11345.0,11557.0,11771.0,11945.0,12162.0,12312.0,12478.0,12698.0,12978.0,13307.0,13653.0,13992.0,14402.0
3335,2365.0,3203.0,4577.0,6119.0,8318.0,10639.0,12755.0,14571.0,16325.0,17883.0,18783.0,19782.0,20772.0,21642.0,22530.0,23366.0,25166.0,27979.0,30723.0,33537.0,37636.0
3337,17233.0,17590.0,18079.0,18575.0,19393.0,20388.0,21389.0,22496.0,23756.0,24819.0,25894.0,27118.0,28138.0,29117.0,30237.0,31469.0,32638.0,33913.0,35072.0,35620.0,35834.0
3340,27615.0,28309.0,28884.0,29228.0,29762.0,30279.0,30722.0,31224.0,31867.0,32509.0,33349.0,34626.0,36126.0,37178.0,38203.0,39576.0,40905.0,42230.0,43587.0,44760.0,45895.0
3341,14540.0,14644.0,14880.0,15015.0,15345.0,15595.0,15844.0,16124.0,16584.0,17006.0,17488.0,18119.0,19048.0,19632.0,20207.0,20989.0,21764.0,22471.0,23329.0,24220.0,25045.0
3342,10461.0,10425.0,10504.0,10683.0,10845.0,10952.0,11011.0,11136.0,11345.0,11557.0,11771.0,11945.0,12162.0,12312.0,12478.0,12698.0,12978.0,13307.0,13653.0,13992.0,14402.0
3345,5350.0,5315.0,5320.0,5322.0,5351.0,5371.0,5381.0,5404.0,5463.0,5485.0,5488.0,5529.0,5582.0,5631.0,5692.0,5761.0,5866.0,5990.0,6114.0,6236.0,6337.0
3350,22573.0,23199.0,23865.0,24289.0,24774.0,25154.0,25573.0,26004.0,26521.0,26951.0,27542.0,28271.0,29050.0,29747.0,30530.0,31464.0,32307.0,33170.0,34171.0,35024.0,36131.0
3351,20266.0,20422.0,20678.0,21023.0,21475.0,21958.0,22246.0,22579.0,23054.0,23495.0,23928.0,24458.0,25092.0,25744.0,26359.0,27116.0,27823.0,28663.0,29838.0,31062.0,32404.0
3352,60665.0,61069.0,61593.0,62137.0,62938.0,63700.0,64472.0,65522.0,67034.0,68389.0,69916.0,71441.0,73055.0,74565.0,76158.0,78059.0,79927.0,81985.0,84370.0,86837.0,89644.0
3355,24852.0,24963.0,25176.0,25284.0,25297.0,25319.0,25441.0,25814.0,26194.0,26566.0,26838.0,26982.0,27059.0,27073.0,27079.0,27127.0,27194.0,27293.0,27471.0,27425.0,27390.0
3356,9910.0,10317.0,10664.0,10945.0,11352.0,11802.0,12240.0,12621.0,13171.0,13593.0,14290.0,15080.0,15981.0,16921.0,17885.0,19047.0,20256.0,21694.0,23284.0,25208.0,27463.0
3357,5320.0,5399.0,5557.0,5620.0,5857.0,6037.0,6131.0,6252.0,6431.0,6595.0,6725.0,6854.0,6984.0,7082.0,7191.0,7311.0,7407.0,7413.0,7452.0,7369.0,7232.0
3360,7684.0,7709.0,7712.0,7724.0,7769.0,7794.0,7816.0,7840.0,7901.0,7950.0,7988.0,8150.0,8331.0,8535.0,8761.0,8994.0,9092.0,9132.0,9314.0,9422.0,9486.0
3361,3809.0,3801.0,3800.0,3809.0,3821.0,3838.0,3843.0,3852.0,3869.0,3882.0,3886.0,3955.0,4047.0,4172.0,4317.0,4454.0,4483.0,4444.0,4536.0,4598.0,4618.0
3363,15668.0,15584.0,15521.0,15555.0,15369.0,15362.0,15410.0,15615.0,15855.0,16009.0,16092.0,16274.0,16468.0,16636.0,16799.0,16987.0,17148.0,17334.0,17517.0,17729.0,17906.0
3364,21018.0,20899.0,20841.0,20877.0,20720.0,20733.0,20791.0,21019.0,21318.0,21494.0,21580.0,21803.0,22050.0,22267.0,22491.0,22748.0,23014.0,23324.0,23631.0,23965.0,24243.0
3370,7467.0,7423.0,7402.0,7395.0,7332.0,7316.0,7351.0,7388.0,7421.0,7473.0,7503.0,7573.0,7639.0,7702.0,7781.0,7870.0,7910.0,7954.0,7981.0,8016.0,8036.0
3371,10618.0,10586.0,10584.0,10597.0,10579.0,10610.0,10647.0,10681.0,10754.0,10816.0,10850.0,10915.0,10976.0,11024.0,11098.0,11193.0,11259.0,11343.0,11398.0,11456.0,11534.0
3373,3809.0,3801.0,3800.0,3809.0,3821.0,3838.0,3843.0,3852.0,3869.0,3882.0,3886.0,3955.0,4047.0,4172.0,4317.0,4454.0,4483.0,4444.0,4536.0,4598.0,4618.0
3374,8778.0,8751.0,8662.0,8568.0,8500.0,8370.0,8405.0,8427.0,8451.0,8466.0,8453.0,8378.0,8328.0,8296.0,8239.0,8225.0,8245.0,8272.0,8313.0,8373.0,8465.0
3375,3809.0,3801.0,3800.0,3809.0,3821.0,3838.0,3843.0,3852.0,3869.0,3882.0,3886.0,3955.0,4047.0,4172.0,4317.0,4454.0,4483.0,4444.0,4536.0,4598.0,4618.0
3377,20079.0,20053.0,19966.0,19884.0,19851.0,19769.0,19753.0,19792.0,19905.0,19970.0,19968.0,19940.0,19918.0,19896.0,19880.0,19934.0,19995.0,20081.0,20185.0,20351.0,20431.0
3380,8778.0,8751.0,8662.0,8568.0,8500.0,8370.0,8405.0,8427.0,8451.0,8466.0,8453.0,8378.0,8328.0,8296.0,8239.0,8225.0,8245.0,8272.0,8313.0,8373.0,8465.0
3381,8778.0,8751.0,8662.0,8568.0,8500.0,8370.0,8405.0,8427.0,8451.0,8466.0,8453.0,8378.0,8328.0,8296.0,8239.0,8225.0,8245.0,8272.0,8313.0,8373.0,8465.0
3384,16004.0,15945.0,15795.0,15649.0,15573.0,15385.0,15405.0,15392.0,15462.0,15467.0,15411.0,15320.0,15225.0,15106.0,14969.0,14901.0,14945.0,15022.0,15122.0,15236.0,15392.0
3385,16892.0,16774.0,16580.0,16348.0,16154.0,15922.0,15855.0,15805.0,15803.0,15714.0,15573.0,15421.0,15308.0,15169.0,15014.0,14918.0,14890.0,14906.0,14924.0,14948.0,14919.0
3387,12853.0,12782.0,12613.0,12447.0,12326.0,12091.0,12109.0,12099.0,12129.0,12124.0,12064.0,11978.0,11888.0,11784.0,11652.0,11578.0,11596.0,11633.0,11705.0,11796.0,11894.0
3388,12189.0,12054.0,11869.0,11659.0,11480.0,11273.0,11154.0,11050.0,11030.0,10906.0,10731.0,10643.0,10540.0,10361.0,10188.0,10046.0,9996.0,9995.0,10003.0,9998.0,9883.0
3390,8114.0,8023.0,7918.0,7780.0,7654.0,7552.0,7450.0,7378.0,7352.0,7248.0,7120.0,7043.0,6980.0,6873.0,6775.0,6693.0,6645.0,6634.0,6611.0,6575.0,6454.0
3391,8114.0,8023.0,7918.0,7780.0,7654.0,7552.0,7450.0,7378.0,7352.0,7248.0,7120.0,7043.0,6980.0,6873.0,6775.0,6693.0,6645.0,6634.0,6611.0,6575.0,6454.0
3392,8114.0,8023.0,7918.0,7780.0,7654.0,7552.0,7450.0,7378.0,7352.0,7248.0,7120.0,7043.0,6980.0,6873.0,6775.0,6693.0,6645.0,6634.0,6611.0,6575.0,6454.0
3393,23335.0,23133.0,22863.0,22536.0,22285.0,22061.0,21819.0,21624.0,21542.0,21244.0,20858.0,20700.0,20525.0,20307.0,20105.0,19938.0,19783.0,19735.0,19652.0,19614.0,19495.0
3395,23335.0,23133.0,22863.0,22536.0,22285.0,22061.0,21819.0,21624.0,21542.0,21244.0,20858.0,20700.0,20525.0,20307.0,20105.0,19938.0,19783.0,19735.0,19652.0,19614.0,19495.0
3396,8114.0,8023.0,7918.0,7780.0,7654.0,7552.0,7450.0,7378.0,7352.0,7248.0,7120.0,7043.0,6980.0,6873.0,6775.0,6693.0,6645.0,6634.0,6611.0,6575.0,6454.0
3400,14767.0,14767.0,14766.0,14858.0,14979.0,15226.0,15386.0,15554.0,15748.0,15918.0,16099.0,16170.0,16245.0,16307.0,16363.0,16462.0,16551.0,16615.0,16733.0,16913.0,16944.0
3401,40960.0,40728.0,40483.0,40217.0,40074.0,40106.0,40063.0,40066.0,40179.0,40015.0,39828.0,39684.0,39535.0,39335.0,39125.0,39040.0,39042.0,39086.0,39185.0,39368.0,39317.0
3407,6728.0,6699.0,6688.0,6636.0,6634.0,6635.0,6638.0,6626.0,6604.0,6495.0,6437.0,6378.0,6312.0,6251.0,6184.0,6143.0,6146.0,6165.0,6182.0,6209.0,6264.0
3409,3353.0,3303.0,3270.0,3215.0,3174.0,3143.0,3088.0,3047.0,3018.0,2974.0,2902.0,2871.0,2842.0,2806.0,2780.0,2782.0,2784.0,2783.0,2781.0,2782.0,2748.0
3412,3353.0,3303.0,3270.0,3215.0,3174.0,3143.0,3088.0,3047.0,3018.0,2974.0,2902.0,2871.0,2842.0,2806.0,2780.0,2782.0,2784.0,2783.0,2781.0,2782.0,2748.0
3413,3353.0,3303.0,3270.0,3215.0,3174.0,3143.0,3088.0,3047.0,3018.0,2974.0,2902.0,2871.0,2842.0,2806.0,2780.0,2782.0,2784.0,2783.0,2781.0,2782.0,2748.0
3414,7998.0,7936.0,7841.0,7728.0,7633.0,7550.0,7501.0,7461.0,7457.0,7380.0,7270.0,7222.0,7156.0,7098.0,7023.0,6960.0,6916.0,6889.0,6878.0,6889.0,6907.0
3415,7998.0,7936.0,7841.0,7728.0,7633.0,7550.0,7501.0,7461.0,7457.0,7380.0,7270.0,7222.0,7156.0,7098.0,7023.0,6960.0,6916.0,6889.0,6878.0,6889.0,6907.0
3418,7998.0,7936.0,7841.0,7728.0,7633.0,7550.0,7501.0,7461.0,7457.0,7380.0,7270.0,7222.0,7156.0,7098.0,7023.0,6960.0,6916.0,6889.0,6878.0,6889.0,6907.0
3419,7998.0,7936.0,7841.0,7728.0,7633.0,7550.0,7501.0,7461.0,7457.0,7380.0,7270.0,7222.0,7156.0,7098.0,7023.0,6960.0,6916.0,6889.0,6878.0,6889.0,6907.0
3420,7998.0,7936.0,7841.0,7728.0,7633.0,7550.0,7501.0,7461.0,7457.0,7380.0,7270.0,7222.0,7156.0,7098.0,7023.0,6960.0,6916.0,6889.0,6878.0,6889.0,6907.0
3423,7998.0,7936.0,7841.0,7728.0,7633.0,7550.0,7501.0,7461.0,7457.0,7380.0,7270.0,7222.0,7156.0,7098.0,7023.0,6960.0,6916.0,6889.0,6878.0,6889.0,6907.0
3424,16112.0,15959.0,15759.0,15508.0,15287.0,15102.0,14951.0,14839.0,14809.0,14628.0,14390.0,14265.0,14136.0,13971.0,13798.0,13653.0,13561.0,13523.0,13489.0,13464.0,13361.0
3428,9950.0,10178.0,10573.0,11173.0,11636.0,12028.0,12248.0,12535.0,12902.0,13243.0,13543.0,13732.0,13991.0,14584.0,15629.0,17123.0,18256.0,19464.0,20298.0,21238.0,22391.0
3429,19337.0,19680.0,20251.0,20992.0,21674.0,22033.0,22573.0,23141.0,23730.0,24105.0,24452.0,24860.0,25175.0,25533.0,26020.0,26550.0,26935.0,27338.0,27724.0,28056.0,28118.0
3430,17707.0,18017.0,18597.0,19331.0,19953.0,20308.0,20749.0,21113.0,21546.0,21800.0,21904.0,22071.0,22179.0,22377.0,22559.0,22901.0,23225.0,23536.0,23982.0,24432.0,24618.0
3431,3471.0,3475.0,3500.0,3554.0,3565.0,3648.0,3697.0,3749.0,3801.0,3842.0,3882.0,3929.0,4008.0,4066.0,4113.0,4174.0,4247.0,4293.0,4334.0,4433.0,4494.0
3432,7425.0,7509.0,7656.0,7839.0,7989.0,8098.0,8207.0,8336.0,8585.0,8750.0,8832.0,8994.0,9091.0,9248.0,9389.0,9663.0,9893.0,10093.0,10360.0,10595.0,10832.0
3433,7425.0,7509.0,7656.0,7839.0,7989.0,8098.0,8207.0,8336.0,8585.0,8750.0,8832.0,8994.0,9091.0,9248.0,9389.0,9663.0,9893.0,10093.0,10360.0,10595.0,10832.0
3434,10896.0,10984.0,11156.0,11393.0,11554.0,11746.0,11904.0,12085.0,12386.0,12592.0,12714.0,12923.0,13099.0,13314.0,13502.0,13837.0,14140.0,14386.0,14694.0,15028.0,15326.0
3435,15366.0,15496.0,15669.0,15938.0,16183.0,16341.0,16574.0,16831.0,17253.0,17535.0,17727.0,18130.0,18418.0,18751.0,19045.0,19445.0,19811.0,20153.0,20566.0,20948.0,21326.0
3437,18486.0,18643.0,18756.0,18975.0,19220.0,19402.0,19641.0,20003.0,20528.0,20821.0,21267.0,21755.0,22188.0,22674.0,23234.0,23880.0,24356.0,24833.0,25223.0,25449.0,25780.0
3438,9055.0,9172.0,9310.0,9500.0,9710.0,9823.0,10031.0,10364.0,10769.0,11055.0,11380.0,11783.0,12087.0,12404.0,12850.0,13312.0,13603.0,13895.0,14102.0,14219.0,14332.0
3440,9431.0,9471.0,9446.0,9475.0,9510.0,9579.0,9610.0,9639.0,9759.0,9766.0,9887.0,9972.0,10101.0,10270.0,10384.0,10568.0,10753.0,10938.0,11121.0,11230.0,11448.0
3441,6987.0,6974.0,6972.0,7028.0,7017.0,7107.0,7129.0,7140.0,7175.0,7171.0,7190.0,7283.0,7402.0,7509.0,7589.0,7699.0,7782.0,7832.0,7871.0,7964.0,8034.0
3442,21281.0,21468.0,21643.0,21939.0,22241.0,22461.0,22752.0,23079.0,23638.0,23972.0,24306.0,24748.0,25125.0,25578.0,25953.0,26488.0,27029.0,27552.0,28150.0,28647.0,29234.0
3444,20037.0,20049.0,20050.0,20226.0,20197.0,20251.0,20400.0,20726.0,21145.0,21404.0,21594.0,22044.0,22446.0,22805.0,23126.0,23428.0,23761.0,24130.0,24525.0,24959.0,25387.0
3446,16142.0,16148.0,16132.0,16259.0,16231.0,16289.0,16426.0,16722.0,17102.0,17321.0,17484.0,17837.0,18156.0,18437.0,18674.0,18899.0,19156.0,19440.0,19742.0,20066.0,20364.0
3447,16142.0,16148.0,16132.0,16259.0,16231.0,16289.0,16426.0,16722.0,17102.0,17321.0,17484.0,17837.0,18156.0,18437.0,18674.0,18899.0,19156.0,19440.0,19742.0,20066.0,20364.0
3450,9358.0,9433.0,9570.0,9592.0,9603.0,9626.0,9691.0,9746.0,9794.0,9860.0,9920.0,10006.0,10134.0,10308.0,10545.0,10770.0,10882.0,11004.0,11131.0,11257.0,11285.0
3451,17559.0,17594.0,17689.0,17752.0,17640.0,17672.0,17750.0,17973.0,18228.0,18396.0,18509.0,18707.0,18963.0,19242.0,19563.0,19887.0,20120.0,20384.0,20667.0,20970.0,21155.0
3458,22057.0,22120.0,22106.0,22260.0,22289.0,22409.0,22604.0,22970.0,23487.0,23758.0,24063.0,24455.0,24863.0,25264.0,25582.0,25942.0,26374.0,26839.0,27326.0,27765.0,28272.0
3460,8201.0,8161.0,8119.0,8160.0,8037.0,8046.0,8059.0,8227.0,8434.0,8536.0,8589.0,8701.0,8829.0,8934.0,9018.0,9117.0,9238.0,9380.0,9536.0,9713.0,9870.0
3461,21492.0,21463.0,21452.0,21581.0,21582.0,21660.0,21807.0,22126.0,22565.0,22806.0,22972.0,23366.0,23738.0,24068.0,24366.0,24660.0,25022.0,25430.0,25856.0,26302.0,26701.0
3463,8033.0,7954.0,7851.0,7703.0,7606.0,7513.0,7464.0,7397.0,7324.0,7234.0,7111.0,7103.0,7093.0,7083.0,7085.0,7098.0,7106.0,7130.0,7156.0,7178.0,7230.0
3465,14968.0,14932.0,14847.0,14734.0,14670.0,14589.0,14599.0,14584.0,14684.0,14693.0,14632.0,14692.0,14706.0,14675.0,14645.0,14677.0,14757.0,14882.0,14955.0,14978.0,15043.0
3467,3151.0,3163.0,3182.0,3202.0,3247.0,3294.0,3296.0,3293.0,3333.0,3343.0,3347.0,3342.0,3337.0,3322.0,3317.0,3323.0,3349.0,3389.0,3417.0,3440.0,3498.0
3468,6960.0,6964.0,6982.0,7011.0,7068.0,7132.0,7139.0,7145.0,7202.0,7225.0,7233.0,7297.0,7384.0,7494.0,7634.0,7777.0,7832.0,7833.0,7953.0,8038.0,8116.0
3469,6960.0,6964.0,6982.0,7011.0,7068.0,7132.0,7139.0,7145.0,7202.0,7225.0,7233.0,7297.0,7384.0,7494.0,7634.0,7777.0,7832.0,7833.0,7953.0,8038.0,8116.0
3472,8033.0,7954.0,7851.0,7703.0,7606.0,7513.0,7464.0,7397.0,7324.0,7234.0,7111.0,7103.0,7093.0,7083.0,7085.0,7098.0,7106.0,7130.0,7156.0,7178.0,7230.0
3475,12108.0,11985.0,11802.0,11582.0,11432.0,11234.0,11168.0,11069.0,11002.0,10892.0,10722.0,10703.0,10653.0,10571.0,10498.0,10451.0,10457.0,10491.0,10548.0,10601.0,10659.0
3477,22482.0,22322.0,22088.0,21812.0,21677.0,21487.0,21332.0,21147.0,21068.0,20851.0,20537.0,20480.0,20379.0,20229.0,20122.0,20059.0,20028.0,20092.0,20128.0,20191.0,20291.0
3478,14449.0,14368.0,14237.0,14109.0,14071.0,13974.0,13868.0,13750.0,13744.0,13617.0,13426.0,13377.0,13286.0,13146.0,13037.0,12961.0,12922.0,12962.0,12972.0,13013.0,13061.0
3480,19412.0,19228.0,18973.0,18687.0,18478.0,18232.0,18022.0,17835.0,17763.0,17522.0,17199.0,17078.0,16929.0,16697.0,16495.0,16331.0,16218.0,16207.0,16166.0,16148.0,16017.0
3482,7223.0,7174.0,7104.0,7028.0,6998.0,6959.0,6868.0,6785.0,6733.0,6616.0,6468.0,6435.0,6389.0,6336.0,6307.0,6285.0,6222.0,6212.0,6163.0,6150.0,6134.0
3483,7223.0,7174.0,7104.0,7028.0,6998.0,6959.0,6868.0,6785.0,6733.0,6616.0,6468.0,6435.0,6389.0,6336.0,6307.0,6285.0,6222.0,6212.0,6163.0,6150.0,6134.0
3485,15337.0,15197.0,15022.0,14808.0,14652.0,14511.0,14318.0,14163.0,14085.0,13864.0,13588.0,13478.0,13369.0,13209.0,13082.0,12978.0,12867.0,12846.0,12774.0,12725.0,12588.0
3487,15337.0,15197.0,15022.0,14808.0,14652.0,14511.0,14318.0,14163.0,14085.0,13864.0,13588.0,13478.0,13369.0,13209.0,13082.0,12978.0,12867.0,12846.0,12774.0,12725.0,12588.0
3488,15337.0,15197.0,15022.0,14808.0,14652.0,14511.0,14318.0,14163.0,14085.0,13864.0,13588.0,13478.0,13369.0,13209.0,13082.0,12978.0,12867.0,12846.0,12774.0,12725.0,12588.0
3489,8114.0,8023.0,7918.0,7780.0,7654.0,7552.0,7450.0,7378.0,7352.0,7248.0,7120.0,7043.0,6980.0,6873.0,6775.0,6693.0,6645.0,6634.0,6611.0,6575.0,6454.0
3491,8114.0,8023.0,7918.0,7780.0,7654.0,7552.0,7450.0,7378.0,7352.0,7248.0,7120.0,7043.0,6980.0,6873.0,6775.0,6693.0,6645.0,6634.0,6611.0,6575.0,6454.0
3496,10721.0,10746.0,10587.0,10526.0,10454.0,10383.0,10247.0,10187.0,10191.0,10161.0,10127.0,10249.0,10370.0,10515.0,10622.0,10767.0,10949.0,11075.0,11135.0,11195.0,11076.0
3498,6263.0,6345.0,6394.0,6440.0,6464.0,6493.0,6522.0,6541.0,6586.0,6597.0,6603.0,6697.0,6782.0,6851.0,6887.0,6945.0,7041.0,7172.0,7315.0,7500.0,7679.0
3500,4834.0,4870.0,4808.0,4826.0,4790.0,4783.0,4698.0,4677.0,4693.0,4682.0,4670.0,4684.0,4708.0,4734.0,4767.0,4820.0,4898.0,4959.0,4983.0,4994.0,4953.0
3501,6263.0,6345.0,6394.0,6440.0,6464.0,6493.0,6522.0,6541.0,6586.0,6597.0,6603.0,6697.0,6782.0,6851.0,6887.0,6945.0,7041.0,7172.0,7315.0,7500.0,7679.0
3505,4834.0,4870.0,4808.0,4826.0,4790.0,4783.0,4698.0,4677.0,4693.0,4682.0,4670.0,4684.0,4708.0,4734.0,4767.0,4820.0,4898.0,4959.0,4983.0,4994.0,4953.0
3515,8033.0,7954.0,7851.0,7703.0,7606.0,7513.0,7464.0,7397.0,7324.0,7234.0,7111.0,7103.0,7093.0,7083.0,7085.0,7098.0,7106.0,7130.0,7156.0,7178.0,7230.0
3516,8033.0,7954.0,7851.0,7703.0,7606.0,7513.0,7464.0,7397.0,7324.0,7234.0,7111.0,7103.0,7093.0,7083.0,7085.0,7098.0,7106.0,7130.0,7156.0,7178.0,7230.0
3517,8033.0,7954.0,7851.0,7703.0,7606.0,7513.0,7464.0,7397.0,7324.0,7234.0,7111.0,7103.0,7093.0,7083.0,7085.0,7098.0,7106.0,7130.0,7156.0,7178.0,7230.0
3518,15256.0,15128.0,14955.0,14731.0,14604.0,14472.0,14332.0,14182.0,14057.0,13850.0,13579.0,13538.0,13482.0,13419.0,13392.0,13383.0,13328.0,13342.0,13319.0,13328.0,13364.0
3520,8033.0,7954.0,7851.0,7703.0,7606.0,7513.0,7464.0,7397.0,7324.0,7234.0,7111.0,7103.0,7093.0,7083.0,7085.0,7098.0,7106.0,7130.0,7156.0,7178.0,7230.0
3523,11635.0,11630.0,11653.0,11691.0,11669.0,11712.0,11726.0,11767.0,11821.0,11863.0,11860.0,12033.0,12177.0,12312.0,12472.0,12653.0,12777.0,12951.0,13118.0,13394.0,13696.0
3525,15256.0,15128.0,14955.0,14731.0,14604.0,14472.0,14332.0,14182.0,14057.0,13850.0,13579.0,13538.0,13482.0,13419.0,13392.0,13383.0,13328.0,13342.0,13319.0,13328.0,13364.0
3527,22881.0,22679.0,22412.0,22075.0,21861.0,21677.0,21369.0,21127.0,20908.0,20563.0,20110.0,20110.0,20081.0,20034.0,20020.0,20044.0,20022.0,20017.0,19944.0,19941.0,20028.0
3529,7223.0,7174.0,7104.0,7028.0,6998.0,6959.0,6868.0,6785.0,6733.0,6616.0,6468.0,6435.0,6389.0,6336.0,6307.0,6285.0,6222.0,6212.0,6163.0,6150.0,6134.0
3530,7223.0,7174.0,7104.0,7028.0,6998.0,6959.0,6868.0,6785.0,6733.0,6616.0,6468.0,6435.0,6389.0,6336.0,6307.0,6285.0,6222.0,6212.0,6163.0,6150.0,6134.0
3531,7223.0,7174.0,7104.0,7028.0,6998.0,6959.0,6868.0,6785.0,6733.0,6616.0,6468.0,6435.0,6389.0,6336.0,6307.0,6285.0,6222.0,6212.0,6163.0,6150.0,6134.0
3533,7223.0,7174.0,7104.0,7028.0,6998.0,6959.0,6868.0,6785.0,6733.0,6616.0,6468.0,6435.0,6389.0,6336.0,6307.0,6285.0,6222.0,6212.0,6163.0,6150.0,6134.0
3537,8033.0,7954.0,7851.0,7703.0,7606.0,7513.0,7464.0,7397.0,7324.0,7234.0,7111.0,7103.0,7093.0,7083.0,7085.0,7098.0,7106.0,7130.0,7156.0,7178.0,7230.0
3540,7625.0,7551.0,7457.0,7344.0,7257.0,7205.0,7037.0,6945.0,6851.0,6713.0,6531.0,6572.0,6599.0,6615.0,6628.0,6661.0,6694.0,6675.0,6625.0,6613.0,6664.0
3542,14848.0,14725.0,14561.0,14372.0,14255.0,14164.0,13905.0,13730.0,13584.0,13329.0,12999.0,13007.0,12988.0,12951.0,12935.0,12946.0,12916.0,12887.0,12788.0,12763.0,12798.0
3544,7223.0,7174.0,7104.0,7028.0,6998.0,6959.0,6868.0,6785.0,6733.0,6616.0,6468.0,6435.0,6389.0,6336.0,6307.0,6285.0,6222.0,6212.0,6163.0,6150.0,6134.0
3549,3709.0,3778.0,3815.0,3809.0,3818.0,3837.0,3776.0,3724.0,3689.0,3671.0,3609.0,3572.0,3543.0,3470.0,3412.0,3382.0,3483.0,3597.0,3700.0,3767.0,3753.0
3550,52678.0,53167.0,53556.0,53654.0,53836.0,54376.0,54988.0,55433.0,55935.0,56546.0,57073.0,57919.0,58993.0,60023.0,60955.0,62057.0,62904.0,63707.0,64648.0,65199.0,65663.0
3551,51505.0,52112.0,52886.0,53561.0,54199.0,55151.0,56240.0,57099.0,57969.0,58911.0,59767.0,61157.0,62716.0,64231.0,65701.0,67427.0,68714.0,69949.0,71330.0,72517.0,73887.0
3555,19500.0,19738.0,20148.0,20383.0,20520.0,20831.0,21248.0,21634.0,22097.0,22609.0,23172.0,23679.0,24101.0,24422.0,24725.0,25102.0,25428.0,25739.0,26048.0,26355.0,26560.0
3556,18332.0,18544.0,18781.0,19068.0,19553.0,20277.0,21049.0,21548.0,22074.0,22754.0,23420.0,24409.0,25644.0,26815.0,27920.0,29199.0,30014.0,30754.0,31532.0,32244.0,32867.0
3557,4429.0,4420.0,4383.0,4356.0,4334.0,4326.0,4284.0,4263.0,4240.0,4200.0,4129.0,4133.0,4119.0,4095.0,4084.0,4076.0,4068.0,4075.0,4089.0,4121.0,4166.0
3558,4429.0,4420.0,4383.0,4356.0,4334.0,4326.0,4284.0,4263.0,4240.0,4200.0,4129.0,4133.0,4119.0,4095.0,4084.0,4076.0,4068.0,4075.0,4089.0,4121.0,4166.0
3559,8116.0,8113.0,8065.0,8024.0,8009.0,8011.0,8031.0,8063.0,8079.0,8072.0,8005.0,8019.0,8012.0,7986.0,7971.0,7971.0,7989.0,8013.0,8033.0,8088.0,8153.0
3561,19057.0,19011.0,18827.0,18777.0,18747.0,18725.0,18720.0,18716.0,18718.0,18662.0,18561.0,18625.0,18689.0,18716.0,18725.0,18784.0,18841.0,18851.0,18873.0,18940.0,18950.0
3562,4370.0,4354.0,4274.0,4274.0,4240.0,4221.0,4139.0,4100.0,4056.0,3935.0,3814.0,3834.0,3840.0,3838.0,3837.0,3855.0,3858.0,3868.0,3845.0,3856.0,3908.0
3563,4370.0,4354.0,4274.0,4274.0,4240.0,4221.0,4139.0,4100.0,4056.0,3935.0,3814.0,3834.0,3840.0,3838.0,3837.0,3855.0,3858.0,3868.0,3845.0,3856.0,3908.0
3564,27914.0,28124.0,28312.0,28353.0,28723.0,28888.0,28934.0,29001.0,29054.0,29068.0,29052.0,29186.0,29363.0,29510.0,29614.0,29777.0,29942.0,30052.0,30205.0,30386.0,30550.0
3565,4370.0,4354.0,4274.0,4274.0,4240.0,4221.0,4139.0,4100.0,4056.0,3935.0,3814.0,3834.0,3840.0,3838.0,3837.0,3855.0,3858.0,3868.0,3845.0,3856.0,3908.0
3566,4370.0,4354.0,4274.0,4274.0,4240.0,4221.0,4139.0,4100.0,4056.0,3935.0,3814.0,3834.0,3840.0,3838.0,3837.0,3855.0,3858.0,3868.0,3845.0,3856.0,3908.0
3567,15658.0,15505.0,15308.0,15047.0,14863.0,14718.0,14501.0,14342.0,14175.0,13947.0,13642.0,13675.0,13692.0,13698.0,13713.0,13759.0,13800.0,13805.0,13781.0,13791.0,13894.0
3568,7625.0,7551.0,7457.0,7344.0,7257.0,7205.0,7037.0,6945.0,6851.0,6713.0,6531.0,6572.0,6599.0,6615.0,6628.0,6661.0,6694.0,6675.0,6625.0,6613.0,6664.0
3570,8033.0,7954.0,7851.0,7703.0,7606.0,7513.0,7464.0,7397.0,7324.0,7234.0,7111.0,7103.0,7093.0,7083.0,7085.0,7098.0,7106.0,7130.0,7156.0,7178.0,7230.0
3571,8033.0,7954.0,7851.0,7703.0,7606.0,7513.0,7464.0,7397.0,7324.0,7234.0,7111.0,7103.0,7093.0,7083.0,7085.0,7098.0,7106.0,7130.0,7156.0,7178.0,7230.0
3572,12403.0,12308.0,12125.0,11977.0,11846.0,11734.0,11603.0,11497.0,11380.0,11169.0,10925.0,10937.0,10933.0,10921.0,10922.0,10953.0,10964.0,10998.0,11001.0,11034.0,11138.0
3573,12403.0,12308.0,12125.0,11977.0,11846.0,11734.0,11603.0,11497.0,11380.0,11169.0,10925.0,10937.0,10933.0,10921.0,10922.0,10953.0,10964.0,10998.0,11001.0,11034.0,11138.0
3575,8033.0,7954.0,7851.0,7703.0,7606.0,7513.0,7464.0,7397.0,7324.0,7234.0,7111.0,7103.0,7093.0,7083.0,7085.0,7098.0,7106.0,7130.0,7156.0,7178.0,7230.0
3576,8033.0,7954.0,7851.0,7703.0,7606.0,7513.0,7464.0,7397.0,7324.0,7234.0,7111.0,7103.0,7093.0,7083.0,7085.0,7098.0,7106.0,7130.0,7156.0,7178.0,7230.0
3579,19888.0,19718.0,19494.0,19227.0,19043.0,18908.0,18656.0,18472.0,18250.0,17953.0,17558.0,17592.0,17611.0,17609.0,17613.0,17657.0,17698.0,17717.0,17700.0,17731.0,17837.0
3580,7625.0,7551.0,7457.0,7344.0,7257.0,7205.0,7037.0,6945.0,6851.0,6713.0,6531.0,6572.0,6599.0,6615.0,6628.0,6661.0,6694.0,6675.0,6625.0,6613.0,6664.0
3581,7625.0,7551.0,7457.0,7344.0,7257.0,7205.0,7037.0,6945.0,6851.0,6713.0,6531.0,6572.0,6599.0,6615.0,6628.0,6661.0,6694.0,6675.0,6625.0,6613.0,6664.0
3585,10077.0,10075.0,10067.0,10095.0,10088.0,10090.0,10228.0,10333.0,10516.0,10536.0,10610.0,10780.0,10888.0,10959.0,11022.0,11079.0,11147.0,11205.0,11251.0,11260.0,11169.0
3607,3311.0,3309.0,3352.0,3368.0,3369.0,3424.0,3468.0,3500.0,3538.0,3580.0,3621.0,3693.0,3768.0,3849.0,3936.0,4048.0,4104.0,4186.0,4246.0,4380.0,4507.0
3608,3311.0,3309.0,3352.0,3368.0,3369.0,3424.0,3468.0,3500.0,3538.0,3580.0,3621.0,3693.0,3768.0,3849.0,3936.0,4048.0,4104.0,4186.0,4246.0,4380.0,4507.0
3610,9499.0,9473.0,9491.0,9470.0,9416.0,9443.0,9508.0,9535.0,9553.0,9597.0,9623.0,9749.0,9872.0,10024.0,10183.0,10364.0,10530.0,10728.0,10898.0,11146.0,11371.0
3612,7740.0,7729.0,7735.0,7724.0,7703.0,7750.0,7752.0,7763.0,7778.0,7780.0,7750.0,7826.0,7887.0,7944.0,8020.0,8124.0,8172.0,8261.0,8335.0,8501.0,8673.0
3620,11000.0,10964.0,10871.0,10835.0,10832.0,10819.0,10834.0,10816.0,10823.0,10855.0,10871.0,10905.0,10956.0,10987.0,11001.0,11034.0,11062.0,11045.0,11084.0,11117.0,11055.0
3621,11000.0,10964.0,10871.0,10835.0,10832.0,10819.0,10834.0,10816.0,10823.0,10855.0,10871.0,10905.0,10956.0,10987.0,11001.0,11034.0,11062.0,11045.0,11084.0,11117.0,11055.0
3622,14687.0,14657.0,14553.0,14503.0,14507.0,14504.0,14581.0,14616.0,14662.0,14727.0,14747.0,14791.0,14849.0,14878.0,14888.0,14929.0,14983.0,14983.0,15028.0,15084.0,15042.0
3623,4429.0,4420.0,4383.0,4356.0,4334.0,4326.0,4284.0,4263.0,4240.0,4200.0,4129.0,4133.0,4119.0,4095.0,4084.0,4076.0,4068.0,4075.0,4089.0,4121.0,4166.0
3624,4429.0,4420.0,4383.0,4356.0,4334.0,4326.0,4284.0,4263.0,4240.0,4200.0,4129.0,4133.0,4119.0,4095.0,4084.0,4076.0,4068.0,4075.0,4089.0,4121.0,4166.0
3629,7727.0,7780.0,7841.0,7797.0,7771.0,7808.0,7841.0,7939.0,7983.0,8001.0,7939.0,7961.0,7975.0,7995.0,8010.0,8033.0,8097.0,8191.0,8296.0,8331.0,8311.0
3630,16027.0,16289.0,16439.0,16500.0,16474.0,16523.0,16592.0,16762.0,17033.0,17293.0,17620.0,17930.0,18204.0,18560.0,18810.0,19007.0,19333.0,19637.0,19916.0,20069.0,20034.0
3631,22215.0,22453.0,22578.0,22602.0,22521.0,22542.0,22632.0,22797.0,23048.0,23310.0,23622.0,23986.0,24308.0,24735.0,25057.0,25323.0,25759.0,26179.0,26568.0,26835.0,26898.0
3634,12397.0,12410.0,12396.0,12381.0,12391.0,12425.0,12457.0,12481.0,12451.0,12436.0,12386.0,12409.0,12422.0,12418.0,12420.0,12422.0,12440.0,12462.0,12482.0,12505.0,12499.0
3635,12397.0,12410.0,12396.0,12381.0,12391.0,12425.0,12457.0,12481.0,12451.0,12436.0,12386.0,12409.0,12422.0,12418.0,12420.0,12422.0,12440.0,12462.0,12482.0,12505.0,12499.0
3636,15173.0,15166.0,15133.0,15081.0,15072.0,15149.0,15164.0,15164.0,15106.0,15063.0,14968.0,14994.0,15021.0,15018.0,15033.0,15045.0,15091.0,15140.0,15204.0,15284.0,15328.0
3637,12397.0,12410.0,12396.0,12381.0,12391.0,12425.0,12457.0,12481.0,12451.0,12436.0,12386.0,12409.0,12422.0,12418.0,12420.0,12422.0,12440.0,12462.0,12482.0,12505.0,12499.0
3638,12397.0,12410.0,12396.0,12381.0,12391.0,12425.0,12457.0,12481.0,12451.0,12436.0,12386.0,12409.0,12422.0,12418.0,12420.0,12422.0,12440.0,12462.0,12482.0,12505.0,12499.0
3639,24941.0,25216.0,25563.0,25625.0,26042.0,26273.0,26418.0,26566.0,26626.0,26714.0,26753.0,26856.0,26989.0,27103.0,27196.0,27310.0,27462.0,27601.0,27758.0,27918.0,28086.0
3640,12397.0,12410.0,12396.0,12381.0,12391.0,12425.0,12457.0,12481.0,12451.0,12436.0,12386.0,12409.0,12422.0,12418.0,12420.0,12422.0,12440.0,12462.0,12482.0,12505.0,12499.0
3641,12397.0,12410.0,12396.0,12381.0,12391.0,12425.0,12457.0,12481.0,12451.0,12436.0,12386.0,12409.0,12422.0,12418.0,12420.0,12422.0,12440.0,12462.0,12482.0,12505.0,12499.0
3644,18144.0,18222.0,18243.0,18235.0,18317.0,18462.0,18505.0,18634.0,18654.0,18723.0,18691.0,18745.0,18789.0,18806.0,18819.0,18842.0,18882.0,18915.0,18932.0,18975.0,18937.0
3646,8964.0,8920.0,8876.0,8802.0,8728.0,8743.0,8747.0,8718.0,8670.0,8644.0,8584.0,8641.0,8703.0,8775.0,8860.0,8939.0,9077.0,9220.0,9374.0,9545.0,9693.0
3649,2776.0,2756.0,2737.0,2700.0,2681.0,2724.0,2707.0,2683.0,2655.0,2627.0,2582.0,2585.0,2599.0,2600.0,2613.0,2623.0,2651.0,2678.0,2722.0,2779.0,2829.0
3658,20302.0,21062.0,22153.0,23033.0,23821.0,24309.0,24947.0,25491.0,26002.0,26756.0,27673.0,29006.0,30410.0,31626.0,32862.0,34451.0,35687.0,37196.0,39051.0,40814.0,42592.0
3659,8889.0,9094.0,9548.0,9919.0,10237.0,10406.0,10798.0,11016.0,11257.0,11685.0,12038.0,12468.0,12883.0,13271.0,13642.0,14098.0,14385.0,14678.0,15090.0,15304.0,15517.0
3660,10484.0,10435.0,10423.0,10325.0,10210.0,10143.0,10114.0,10050.0,10001.0,9954.0,9964.0,9955.0,9942.0,9928.0,9941.0,10009.0,10126.0,10272.0,10411.0,10541.0,10687.0
3663,3311.0,3309.0,3352.0,3368.0,3369.0,3424.0,3468.0,3500.0,3538.0,3580.0,3621.0,3693.0,3768.0,3849.0,3936.0,4048.0,4104.0,4186.0,4246.0,4380.0,4507.0
3664,3311.0,3309.0,3352.0,3368.0,3369.0,3424.0,3468.0,3500.0,3538.0,3580.0,3621.0,3693.0,3768.0,3849.0,3936.0,4048.0,4104.0,4186.0,4246.0,4380.0,4507.0
3665,9499.0,9473.0,9491.0,9470.0,9416.0,9443.0,9508.0,9535.0,9553.0,9597.0,9623.0,9749.0,9872.0,10024.0,10183.0,10364.0,10530.0,10728.0,10898.0,11146.0,11371.0
3666,15762.0,15721.0,15741.0,15721.0,15683.0,15714.0,15807.0,15814.0,15803.0,15816.0,15842.0,16019.0,16170.0,16373.0,16587.0,16838.0,17076.0,17368.0,17576.0,17825.0,18139.0
3669,13095.0,13146.0,13176.0,13260.0,13455.0,13620.0,13747.0,13900.0,14041.0,14161.0,14204.0,14413.0,14637.0,14827.0,15035.0,15251.0,15588.0,15971.0,16357.0,16861.0,17318.0
3672,10247.0,10272.0,10289.0,10303.0,10306.0,10310.0,10317.0,10340.0,10375.0,10425.0,10471.0,10470.0,10468.0,10451.0,10425.0,10420.0,10478.0,10544.0,10607.0,10682.0,10750.0
3675,2776.0,2756.0,2737.0,2700.0,2681.0,2724.0,2707.0,2683.0,2655.0,2627.0,2582.0,2585.0,2599.0,2600.0,2613.0,2623.0,2651.0,2678.0,2722.0,2779.0,2829.0
3677,17109.0,17123.0,17136.0,17175.0,17223.0,17320.0,17419.0,17541.0,17676.0,17837.0,17980.0,18144.0,18294.0,18437.0,18624.0,18940.0,19183.0,19453.0,19600.0,19683.0,19877.0
3678,19885.0,19879.0,19873.0,19875.0,19904.0,20044.0,20126.0,20224.0,20331.0,20464.0,20562.0,20729.0,20893.0,21037.0,21237.0,21563.0,21834.0,22131.0,22322.0,22462.0,22706.0
3682,3432.0,3462.0,3494.0,3534.0,3572.0,3626.0,3661.0,3693.0,3716.0,3731.0,3739.0,3768.0,3795.0,3818.0,3857.0,3907.0,3932.0,3972.0,4007.0,4021.0,4019.0
3683,2904.0,2922.0,2923.0,2925.0,2957.0,2952.0,2903.0,2905.0,2912.0,2906.0,2907.0,2934.0,2974.0,3005.0,3055.0,3117.0,3115.0,3116.0,3146.0,3162.0,3158.0
3685,9112.0,9140.0,9154.0,9159.0,9210.0,9302.0,9271.0,9281.0,9283.0,9264.0,9228.0,9287.0,9368.0,9423.0,9525.0,9647.0,9698.0,9766.0,9875.0,9962.0,10006.0
3687,3432.0,3462.0,3494.0,3534.0,3572.0,3626.0,3661.0,3693.0,3716.0,3731.0,3739.0,3768.0,3795.0,3818.0,3857.0,3907.0,3932.0,3972.0,4007.0,4021.0,4019.0
3688,2904.0,2922.0,2923.0,2925.0,2957.0,2952.0,2903.0,2905.0,2912.0,2906.0,2907.0,2934.0,2974.0,3005.0,3055.0,3117.0,3115.0,3116.0,3146.0,3162.0,3158.0
3690,12929.0,13263.0,13640.0,14041.0,14126.0,14104.0,14211.0,14351.0,14465.0,14610.0,14749.0,14901.0,15008.0,15072.0,15111.0,15181.0,15197.0,15234.0,15285.0,15337.0,15357.0
3691,31241.0,31620.0,31992.0,32349.0,32418.0,32396.0,32433.0,32561.0,32726.0,32875.0,32947.0,33242.0,33480.0,33655.0,33800.0,34072.0,34292.0,34597.0,34877.0,35232.0,35545.0
3695,3997.0,4062.0,4142.0,4189.0,4261.0,4335.0,4329.0,4349.0,4410.0,4435.0,4433.0,4461.0,4489.0,4511.0,4536.0,4578.0,4660.0,4773.0,4900.0,5043.0,5187.0
3697,8111.0,8110.0,8073.0,7995.0,7940.0,7874.0,7838.0,7826.0,7813.0,7841.0,7875.0,7970.0,8052.0,8120.0,8179.0,8299.0,8394.0,8518.0,8583.0,8720.0,8848.0
3698,8111.0,8110.0,8073.0,7995.0,7940.0,7874.0,7838.0,7826.0,7813.0,7841.0,7875.0,7970.0,8052.0,8120.0,8179.0,8299.0,8394.0,8518.0,8583.0,8720.0,8848.0
3699,8111.0,8110.0,8073.0,7995.0,7940.0,7874.0,7838.0,7826.0,7813.0,7841.0,7875.0,7970.0,8052.0,8120.0,8179.0,8299.0,8394.0,8518.0,8583.0,8720.0,8848.0
3700,10201.0,10247.0,10279.0,10313.0,10352.0,10418.0,10384.0,10384.0,10448.0,10424.0,10323.0,10371.0,10420.0,10463.0,10510.0,10592.0,10701.0,10845.0,11009.0,11175.0,11340.0
3701,13113.0,13164.0,13165.0,13249.0,13339.0,13424.0,13395.0,13365.0,13375.0,13337.0,13270.0,13408.0,13530.0,13647.0,13755.0,13916.0,14001.0,14079.0,14157.0,14243.0,14391.0
3704,6204.0,6185.0,6137.0,6124.0,6091.0,6083.0,6055.0,6035.0,6038.0,5989.0,5890.0,5910.0,5931.0,5952.0,5974.0,6014.0,6041.0,6072.0,6109.0,6132.0,6153.0
3705,6204.0,6185.0,6137.0,6124.0,6091.0,6083.0,6055.0,6035.0,6038.0,5989.0,5890.0,5910.0,5931.0,5952.0,5974.0,6014.0,6041.0,6072.0,6109.0,6132.0,6153.0
3707,6204.0,6185.0,6137.0,6124.0,6091.0,6083.0,6055.0,6035.0,6038.0,5989.0,5890.0,5910.0,5931.0,5952.0,5974.0,6014.0,6041.0,6072.0,6109.0,6132.0,6153.0
3708,6204.0,6185.0,6137.0,6124.0,6091.0,6083.0,6055.0,6035.0,6038.0,5989.0,5890.0,5910.0,5931.0,5952.0,5974.0,6014.0,6041.0,6072.0,6109.0,6132.0,6153.0
3709,6204.0,6185.0,6137.0,6124.0,6091.0,6083.0,6055.0,6035.0,6038.0,5989.0,5890.0,5910.0,5931.0,5952.0,5974.0,6014.0,6041.0,6072.0,6109.0,6132.0,6153.0
3711,6263.0,6248.0,6250.0,6251.0,6267.0,6271.0,6299.0,6279.0,6250.0,6219.0,6219.0,6270.0,6298.0,6349.0,6404.0,6474.0,6546.0,6640.0,6678.0,6679.0,6768.0
3712,6263.0,6248.0,6250.0,6251.0,6267.0,6271.0,6299.0,6279.0,6250.0,6219.0,6219.0,6270.0,6298.0,6349.0,6404.0,6474.0,6546.0,6640.0,6678.0,6679.0,6768.0
3713,13170.0,13230.0,13287.0,13409.0,13675.0,13872.0,14006.0,14144.0,14276.0,14363.0,14421.0,14627.0,14831.0,15001.0,15192.0,15409.0,15708.0,16069.0,16383.0,16774.0,17222.0
3714,9760.0,9795.0,9813.0,9803.0,9807.0,9844.0,9862.0,9816.0,9727.0,9647.0,9665.0,9718.0,9767.0,9845.0,9938.0,10080.0,10242.0,10440.0,10581.0,10692.0,10910.0
3715,6907.0,6982.0,7037.0,7158.0,7408.0,7601.0,7707.0,7865.0,8026.0,8144.0,8202.0,8357.0,8533.0,8652.0,8788.0,8935.0,9162.0,9429.0,9705.0,10095.0,10454.0
3717,3497.0,3547.0,3563.0,3552.0,3540.0,3573.0,3563.0,3537.0,3477.0,3428.0,3446.0,3448.0,3469.0,3496.0,3534.0,3606.0,3696.0,3800.0,3903.0,4013.0,4142.0
3718,9760.0,9795.0,9813.0,9803.0,9807.0,9844.0,9862.0,9816.0,9727.0,9647.0,9665.0,9718.0,9767.0,9845.0,9938.0,10080.0,10242.0,10440.0,10581.0,10692.0,10910.0
3719,13170.0,13230.0,13287.0,13409.0,13675.0,13872.0,14006.0,14144.0,14276.0,14363.0,14421.0,14627.0,14831.0,15001.0,15192.0,15409.0,15708.0,16069.0,16383.0,16774.0,17222.0
3720,6907.0,6982.0,7037.0,7158.0,7408.0,7601.0,7707.0,7865.0,8026.0,8144.0,8202.0,8357.0,8533.0,8652.0,8788.0,8935.0,9162.0,9429.0,9705.0,10095.0,10454.0
3722,6907.0,6982.0,7037.0,7158.0,7408.0,7601.0,7707.0,7865.0,8026.0,8144.0,8202.0,8357.0,8533.0,8652.0,8788.0,8935.0,9162.0,9429.0,9705.0,10095.0,10454.0
3723,6907.0,6982.0,7037.0,7158.0,7408.0,7601.0,7707.0,7865.0,8026.0,8144.0,8202.0,8357.0,8533.0,8652.0,8788.0,8935.0,9162.0,9429.0,9705.0,10095.0,10454.0
3727,2776.0,2756.0,2737.0,2700.0,2681.0,2724.0,2707.0,2683.0,2655.0,2627.0,2582.0,2585.0,2599.0,2600.0,2613.0,2623.0,2651.0,2678.0,2722.0,2779.0,2829.0
3728,2776.0,2756.0,2737.0,2700.0,2681.0,2724.0,2707.0,2683.0,2655.0,2627.0,2582.0,2585.0,2599.0,2600.0,2613.0,2623.0,2651.0,2678.0,2722.0,2779.0,2829.0
3730,8260.0,8215.0,8340.0,8449.0,8652.0,9015.0,9198.0,9334.0,9486.0,9608.0,9715.0,9930.0,10116.0,10294.0,10469.0,10644.0,10817.0,10966.0,11127.0,11269.0,11414.0
3737,16822.0,16884.0,16936.0,16906.0,16935.0,16942.0,16889.0,16857.0,16865.0,16877.0,16868.0,17025.0,17164.0,17282.0,17404.0,17619.0,17790.0,18021.0,18213.0,18489.0,18751.0
3738,4714.0,4712.0,4721.0,4722.0,4734.0,4733.0,4722.0,4682.0,4642.0,4601.0,4560.0,4594.0,4623.0,4651.0,4689.0,4742.0,4736.0,4730.0,4730.0,4726.0,4716.0
3739,4714.0,4712.0,4721.0,4722.0,4734.0,4733.0,4722.0,4682.0,4642.0,4601.0,4560.0,4594.0,4623.0,4651.0,4689.0,4742.0,4736.0,4730.0,4730.0,4726.0,4716.0
3740,12825.0,12822.0,12794.0,12717.0,12674.0,12607.0,12560.0,12508.0,12455.0,12442.0,12435.0,12564.0,12675.0,12771.0,12868.0,13041.0,13130.0,13248.0,13313.0,13446.0,13564.0
3741,8111.0,8110.0,8073.0,7995.0,7940.0,7874.0,7838.0,7826.0,7813.0,7841.0,7875.0,7970.0,8052.0,8120.0,8179.0,8299.0,8394.0,8518.0,8583.0,8720.0,8848.0
3744,8111.0,8110.0,8073.0,7995.0,7940.0,7874.0,7838.0,7826.0,7813.0,7841.0,7875.0,7970.0,8052.0,8120.0,8179.0,8299.0,8394.0,8518.0,8583.0,8720.0,8848.0
3747,4216.0,4208.0,4202.0,4190.0,4184.0,4180.0,4197.0,4214.0,4230.0,4260.0,4289.0,4354.0,4412.0,4463.0,4541.0,4632.0,4733.0,4797.0,4868.0,4930.0,4954.0
3749,3997.0,4062.0,4142.0,4189.0,4261.0,4335.0,4329.0,4349.0,4410.0,4435.0,4433.0,4461.0,4489.0,4511.0,4536.0,4578.0,4660.0,4773.0,4900.0,5043.0,5187.0
3751,5781.0,5931.0,6208.0,6440.0,6700.0,6778.0,6869.0,7004.0,7156.0,7381.0,7580.0,7762.0,7920.0,8049.0,8221.0,8436.0,8779.0,9108.0,9417.0,9777.0,10747.0
3752,18680.0,18853.0,18895.0,18938.0,19053.0,19275.0,19303.0,19360.0,19398.0,19219.0,19046.0,18841.0,18656.0,18710.0,18653.0,18712.0,18633.0,18586.0,18461.0,18255.0,17647.0
3753,13697.0,14352.0,15250.0,16002.0,16744.0,17108.0,17455.0,17942.0,18424.0,19024.0,19769.0,20852.0,21978.0,22908.0,23907.0,25183.0,26385.0,27826.0,29475.0,31274.0,33680.0
3754,8821.0,8846.0,8833.0,8861.0,8942.0,9039.0,9027.0,9054.0,9004.0,8942.0,8887.0,8887.0,8898.0,8911.0,8945.0,9014.0,9048.0,9025.0,8936.0,8856.0,8697.0
3755,10884.0,11079.0,11392.0,11656.0,11986.0,12152.0,12234.0,12361.0,12485.0,12655.0,12807.0,13004.0,13189.0,13349.0,13563.0,13845.0,14204.0,14511.0,14735.0,15008.0,15871.0
3756,15341.0,15930.0,16698.0,17401.0,18033.0,18428.0,18793.0,19274.0,19853.0,20393.0,21021.0,22084.0,23149.0,24107.0,25075.0,26410.0,27499.0,28811.0,30418.0,32092.0,33765.0
3757,9458.0,9668.0,9995.0,10290.0,10627.0,10810.0,10892.0,11068.0,10723.0,11007.0,11251.0,11514.0,11730.0,11905.0,12143.0,12420.0,12826.0,13225.0,13565.0,13941.0,14982.0
3758,7916.0,8421.0,9042.0,9562.0,10044.0,10330.0,10586.0,10938.0,11268.0,11643.0,12189.0,13090.0,14058.0,14859.0,15686.0,16747.0,17606.0,18718.0,20058.0,21497.0,22933.0
3759,5103.0,5148.0,5184.0,5216.0,5286.0,5374.0,5365.0,5357.0,5329.0,5274.0,5227.0,5242.0,5269.0,5300.0,5342.0,5409.0,5425.0,5403.0,5318.0,5231.0,5124.0
3760,5103.0,5148.0,5184.0,5216.0,5286.0,5374.0,5365.0,5357.0,5329.0,5274.0,5227.0,5242.0,5269.0,5300.0,5342.0,5409.0,5425.0,5403.0,5318.0,5231.0,5124.0
3761,5103.0,5148.0,5184.0,5216.0,5286.0,5374.0,5365.0,5357.0,5329.0,5274.0,5227.0,5242.0,5269.0,5300.0,5342.0,5409.0,5425.0,5403.0,5318.0,5231.0,5124.0
3762,15341.0,15930.0,16698.0,17401.0,18033.0,18428.0,18793.0,19274.0,19853.0,20393.0,21021.0,22084.0,23149.0,24107.0,25075.0,26410.0,27499.0,28811.0,30418.0,32092.0,33765.0
3763,8780.0,8885.0,8971.0,9066.0,9213.0,9406.0,9388.0,9421.0,8896.0,8900.0,8898.0,8994.0,9079.0,9156.0,9264.0,9393.0,9472.0,9520.0,9466.0,9395.0,9359.0
3764,16314.0,16603.0,17204.0,17758.0,18226.0,18504.0,19005.0,19352.0,19842.0,20435.0,20870.0,21462.0,21974.0,22519.0,23031.0,23761.0,24278.0,24771.0,25450.0,25899.0,26349.0
3765,36195.0,36129.0,36079.0,36073.0,36197.0,36380.0,36796.0,37239.0,37765.0,38063.0,38347.0,38574.0,38892.0,39284.0,39701.0,40214.0,40597.0,40771.0,40968.0,40871.0,40213.0
3766,26035.0,25958.0,25911.0,25873.0,25864.0,25912.0,26042.0,26199.0,26456.0,26587.0,26641.0,26744.0,26836.0,26915.0,27038.0,27268.0,27298.0,27277.0,27193.0,26916.0,26629.0
3767,9787.0,9769.0,9764.0,9762.0,9769.0,9778.0,9843.0,9903.0,9974.0,10035.0,10060.0,10062.0,10064.0,10065.0,10066.0,10109.0,10079.0,10066.0,10042.0,9940.0,9771.0
3770,35129.0,35711.0,36174.0,36363.0,36677.0,37024.0,37388.0,38056.0,38857.0,39197.0,39338.0,39696.0,40075.0,40427.0,40910.0,41438.0,41807.0,42165.0,42283.0,42220.0,41923.0
3775,16944.0,17197.0,17475.0,17619.0,17818.0,17913.0,17936.0,18078.0,18320.0,18409.0,18402.0,18612.0,18866.0,19054.0,19242.0,19515.0,19651.0,19759.0,19723.0,19546.0,19305.0
3777,31450.0,31714.0,31943.0,32084.0,32247.0,32391.0,32543.0,32863.0,32785.0,33079.0,33193.0,33531.0,33867.0,34106.0,34359.0,34712.0,34990.0,35322.0,35497.0,35463.0,35364.0
3778,6263.0,6248.0,6250.0,6251.0,6267.0,6271.0,6299.0,6279.0,6250.0,6219.0,6219.0,6270.0,6298.0,6349.0,6404.0,6474.0,6546.0,6640.0,6678.0,6679.0,6768.0
3779,6263.0,6248.0,6250.0,6251.0,6267.0,6271.0,6299.0,6279.0,6250.0,6219.0,6219.0,6270.0,6298.0,6349.0,6404.0,6474.0,6546.0,6640.0,6678.0,6679.0,6768.0
3781,16964.0,17062.0,17173.0,17332.0,17454.0,17628.0,17699.0,17793.0,17902.0,17969.0,18012.0,18072.0,18144.0,18241.0,18375.0,18580.0,18677.0,18759.0,18821.0,18808.0,18797.0
3782,32504.0,32574.0,32649.0,32774.0,32846.0,33015.0,33191.0,33403.0,33612.0,33751.0,33804.0,33908.0,33996.0,34097.0,34232.0,34516.0,34612.0,34684.0,34708.0,34616.0,34425.0
3783,16964.0,17062.0,17173.0,17332.0,17454.0,17628.0,17699.0,17793.0,17902.0,17969.0,18012.0,18072.0,18144.0,18241.0,18375.0,18580.0,18677.0,18759.0,18821.0,18808.0,18797.0
3785,9787.0,9769.0,9764.0,9762.0,9769.0,9778.0,9843.0,9903.0,9974.0,10035.0,10060.0,10062.0,10064.0,10065.0,10066.0,10109.0,10079.0,10066.0,10042.0,9940.0,9771.0
3786,9787.0,9769.0,9764.0,9762.0,9769.0,9778.0,9843.0,9903.0,9974.0,10035.0,10060.0,10062.0,10064.0,10065.0,10066.0,10109.0,10079.0,10066.0,10042.0,9940.0,9771.0
3787,9787.0,9769.0,9764.0,9762.0,9769.0,9778.0,9843.0,9903.0,9974.0,10035.0,10060.0,10062.0,10064.0,10065.0,10066.0,10109.0,10079.0,10066.0,10042.0,9940.0,9771.0
3788,15540.0,15512.0,15476.0,15442.0,15392.0,15387.0,15492.0,15610.0,15710.0,15782.0,15792.0,15836.0,15852.0,15856.0,15857.0,15936.0,15935.0,15925.0,15887.0,15808.0,15628.0
3789,9787.0,9769.0,9764.0,9762.0,9769.0,9778.0,9843.0,9903.0,9974.0,10035.0,10060.0,10062.0,10064.0,10065.0,10066.0,10109.0,10079.0,10066.0,10042.0,9940.0,9771.0
3791,9787.0,9769.0,9764.0,9762.0,9769.0,9778.0,9843.0,9903.0,9974.0,10035.0,10060.0,10062.0,10064.0,10065.0,10066.0,10109.0,10079.0,10066.0,10042.0,9940.0,9771.0
3792,15540.0,15512.0,15476.0,15442.0,15392.0,15387.0,15492.0,15610.0,15710.0,15782.0,15792.0,15836.0,15852.0,15856.0,15857.0,15936.0,15935.0,15925.0,15887.0,15808.0,15628.0
3793,15540.0,15512.0,15476.0,15442.0,15392.0,15387.0,15492.0,15610.0,15710.0,15782.0,15792.0,15836.0,15852.0,15856.0,15857.0,15936.0,15935.0,15925.0,15887.0,15808.0,15628.0
3795,15540.0,15512.0,15476.0,15442.0,15392.0,15387.0,15492.0,15610.0,15710.0,15782.0,15792.0,15836.0,15852.0,15856.0,15857.0,15936.0,15935.0,15925.0,15887.0,15808.0,15628.0
3796,16508.0,16568.0,16583.0,16591.0,16598.0,16711.0,16799.0,16912.0,17121.0,17205.0,17261.0,17353.0,17468.0,17587.0,17739.0,17965.0,18031.0,18080.0,18034.0,17915.0,17822.0
3797,15932.0,15928.0,15865.0,15831.0,15788.0,15820.0,15949.0,16078.0,16227.0,16318.0,16347.0,16409.0,16460.0,16496.0,16537.0,16622.0,16717.0,16849.0,16944.0,16984.0,16948.0
3799,16105.0,16104.0,16042.0,16010.0,15972.0,16007.0,16143.0,16280.0,16440.0,16537.0,16568.0,16622.0,16666.0,16695.0,16729.0,16806.0,16910.0,17055.0,17159.0,17208.0,17188.0
3803,14399.0,14844.0,15308.0,15711.0,16134.0,16311.0,16531.0,16923.0,17393.0,17678.0,17844.0,18134.0,18409.0,18729.0,19034.0,19518.0,19787.0,20057.0,20278.0,20312.0,19913.0
3804,16164.0,16346.0,16532.0,16699.0,16844.0,16898.0,17024.0,17190.0,17467.0,17571.0,17630.0,17793.0,17947.0,18136.0,18338.0,18636.0,18723.0,18790.0,18746.0,18684.0,18405.0
3806,24516.0,25188.0,26017.0,26821.0,27488.0,27935.0,28319.0,29021.0,29658.0,30005.0,30258.0,30560.0,30860.0,31167.0,31523.0,32007.0,32176.0,32202.0,32234.0,32038.0,31497.0
3808,16964.0,17062.0,17173.0,17332.0,17454.0,17628.0,17699.0,17793.0,17902.0,17969.0,18012.0,18072.0,18144.0,18241.0,18375.0,18580.0,18677.0,18759.0,18821.0,18808.0,18797.0
3810,16964.0,17062.0,17173.0,17332.0,17454.0,17628.0,17699.0,17793.0,17902.0,17969.0,18012.0,18072.0,18144.0,18241.0,18375.0,18580.0,18677.0,18759.0,18821.0,18808.0,18797.0
3812,16964.0,17062.0,17173.0,17332.0,17454.0,17628.0,17699.0,17793.0,17902.0,17969.0,18012.0,18072.0,18144.0,18241.0,18375.0,18580.0,18677.0,18759.0,18821.0,18808.0,18797.0
3816,9882.0,10015.0,10130.0,10340.0,10472.0,10734.0,11020.0,11315.0,11832.0,12599.0,13323.0,14046.0,14678.0,15201.0,15787.0,16435.0,17107.0,17762.0,18422.0,19164.0,19790.0
3818,29821.0,30092.0,30393.0,30795.0,31246.0,31866.0,32471.0,33131.0,34049.0,35267.0,36340.0,37389.0,38382.0,39278.0,40331.0,41618.0,43028.0,44493.0,46022.0,47642.0,49409.0
3820,14203.0,14327.0,14501.0,14654.0,14959.0,15275.0,15561.0,15902.0,16225.0,16632.0,16964.0,17284.0,17635.0,18004.0,18466.0,19088.0,19753.0,20478.0,21251.0,22055.0,23080.0
3821,26051.0,26143.0,26330.0,26477.0,26764.0,27183.0,27640.0,28190.0,28842.0,29615.0,30183.0,30613.0,31098.0,31590.0,32200.0,33011.0,33901.0,34783.0,35698.0,36631.0,37932.0
3822,20315.0,20393.0,20568.0,20676.0,20949.0,21326.0,21750.0,22276.0,22850.0,23579.0,24130.0,24554.0,25029.0,25517.0,26122.0,26916.0,27733.0,28530.0,29349.0,30208.0,31393.0
3823,20315.0,20393.0,20568.0,20676.0,20949.0,21326.0,21750.0,22276.0,22850.0,23579.0,24130.0,24554.0,25029.0,25517.0,26122.0,26916.0,27733.0,28530.0,29349.0,30208.0,31393.0
3824,6112.0,6066.0,6067.0,6022.0,5990.0,6051.0,6189.0,6374.0,6625.0,6947.0,7166.0,7270.0,7394.0,7513.0,7656.0,7828.0,7980.0,8052.0,8098.0,8153.0,8313.0
3825,33488.0,33494.0,33488.0,33435.0,33271.0,33302.0,33327.0,33539.0,33866.0,34349.0,34651.0,34748.0,34876.0,34976.0,35134.0,35406.0,35691.0,35912.0,36148.0,36398.0,36806.0
3831,5736.0,5750.0,5762.0,5801.0,5815.0,5857.0,5890.0,5914.0,5992.0,6036.0,6053.0,6059.0,6069.0,6073.0,6078.0,6095.0,6168.0,6253.0,6349.0,6423.0,6539.0
3832,5736.0,5750.0,5762.0,5801.0,5815.0,5857.0,5890.0,5914.0,5992.0,6036.0,6053.0,6059.0,6069.0,6073.0,6078.0,6095.0,6168.0,6253.0,6349.0,6423.0,6539.0
3833,21668.0,21678.0,21627.0,21632.0,21603.0,21677.0,21839.0,21992.0,22219.0,22354.0,22400.0,22468.0,22529.0,22569.0,22615.0,22717.0,22885.0,23102.0,23293.0,23407.0,23487.0
3835,15903.0,15870.0,15976.0,15975.0,16016.0,16080.0,16307.0,16614.0,17018.0,17482.0,17844.0,18105.0,18333.0,18519.0,18733.0,19030.0,19210.0,19369.0,19500.0,19570.0,19747.0
3840,25775.0,25633.0,25439.0,25233.0,25164.0,25154.0,25249.0,25380.0,25493.0,25696.0,25870.0,25832.0,25783.0,25687.0,25623.0,25618.0,25649.0,25726.0,25836.0,26021.0,26248.0
3842,11430.0,11365.0,11289.0,11232.0,11220.0,11218.0,11265.0,11327.0,11385.0,11489.0,11568.0,11567.0,11579.0,11576.0,11574.0,11594.0,11607.0,11632.0,11679.0,11763.0,11855.0
3844,26136.0,25992.0,25778.0,25631.0,25530.0,25494.0,25528.0,25641.0,25822.0,25971.0,26038.0,26104.0,26176.0,26214.0,26269.0,26399.0,26498.0,26582.0,26687.0,26811.0,27011.0
3847,10127.0,10054.0,9962.0,9877.0,9819.0,9797.0,9810.0,9850.0,9959.0,9992.0,9993.0,10034.0,10072.0,10091.0,10110.0,10162.0,10254.0,10328.0,10382.0,10399.0,10465.0
3850,30508.0,30431.0,30394.0,30429.0,30543.0,30703.0,30906.0,31166.0,31399.0,31664.0,31938.0,32265.0,32508.0,32717.0,32923.0,33231.0,33477.0,33740.0,34112.0,34499.0,34853.0
3851,40635.0,40485.0,40356.0,40306.0,40362.0,40500.0,40716.0,41016.0,41358.0,41656.0,41931.0,42299.0,42580.0,42808.0,43033.0,43393.0,43731.0,44068.0,44494.0,44898.0,45318.0
3852,3830.0,3782.0,3751.0,3721.0,3700.0,3685.0,3730.0,3769.0,3806.0,3861.0,3902.0,4008.0,4103.0,4184.0,4269.0,4367.0,4446.0,4522.0,4655.0,4777.0,4901.0
3854,9020.0,9001.0,8929.0,8908.0,8845.0,8827.0,8810.0,8871.0,8986.0,9063.0,9141.0,9202.0,9252.0,9289.0,9344.0,9434.0,9490.0,9517.0,9539.0,9510.0,9600.0
3856,9020.0,9001.0,8929.0,8908.0,8845.0,8827.0,8810.0,8871.0,8986.0,9063.0,9141.0,9202.0,9252.0,9289.0,9344.0,9434.0,9490.0,9517.0,9539.0,9510.0,9600.0
3857,22022.0,21977.0,21887.0,21892.0,21868.0,21903.0,21967.0,22134.0,22357.0,22551.0,22736.0,22891.0,22991.0,23093.0,23217.0,23407.0,23615.0,23761.0,23939.0,24084.0,24293.0
3858,17469.0,17430.0,17386.0,17396.0,17403.0,17449.0,17540.0,17697.0,17906.0,18089.0,18288.0,18416.0,18493.0,18572.0,18657.0,18788.0,19002.0,19163.0,19336.0,19458.0,19625.0
3859,13002.0,12976.0,12958.0,12984.0,13023.0,13076.0,13157.0,13263.0,13371.0,13488.0,13595.0,13689.0,13739.0,13804.0,13873.0,13973.0,14125.0,14244.0,14400.0,14574.0,14693.0
3860,13002.0,12976.0,12958.0,12984.0,13023.0,13076.0,13157.0,13263.0,13371.0,13488.0,13595.0,13689.0,13739.0,13804.0,13873.0,13973.0,14125.0,14244.0,14400.0,14574.0,14693.0
3862,23767.0,23763.0,23763.0,23856.0,23997.0,24127.0,24253.0,24389.0,24541.0,24725.0,24906.0,25223.0,25468.0,25709.0,25948.0,26266.0,26555.0,26797.0,27126.0,27485.0,27855.0
3864,6909.0,6979.0,7028.0,7125.0,7248.0,7341.0,7340.0,7330.0,7337.0,7348.0,7380.0,7498.0,7599.0,7695.0,7781.0,7902.0,7960.0,8007.0,8048.0,8111.0,8238.0
3865,6909.0,6979.0,7028.0,7125.0,7248.0,7341.0,7340.0,7330.0,7337.0,7348.0,7380.0,7498.0,7599.0,7695.0,7781.0,7902.0,7960.0,8007.0,8048.0,8111.0,8238.0
3869,11430.0,11365.0,11289.0,11232.0,11220.0,11218.0,11265.0,11327.0,11385.0,11489.0,11568.0,11567.0,11579.0,11576.0,11574.0,11594.0,11607.0,11632.0,11679.0,11763.0,11855.0
3870,26907.0,26795.0,26758.0,26676.0,26711.0,26696.0,26836.0,27010.0,27229.0,27443.0,27575.0,27737.0,27863.0,27931.0,28002.0,28167.0,28238.0,28382.0,28550.0,28718.0,28845.0
3871,35605.0,35477.0,35463.0,35380.0,35403.0,35468.0,35744.0,36130.0,36614.0,37211.0,37678.0,38101.0,38476.0,38761.0,39081.0,39521.0,39786.0,40022.0,40293.0,40609.0,40979.0
3873,10127.0,10054.0,9962.0,9877.0,9819.0,9797.0,9810.0,9850.0,9959.0,9992.0,9993.0,10034.0,10072.0,10091.0,10110.0,10162.0,10254.0,10328.0,10382.0,10399.0,10465.0
3874,5686.0,5626.0,5560.0,5491.0,5465.0,5449.0,5453.0,5443.0,5451.0,5419.0,5329.0,5335.0,5345.0,5349.0,5351.0,5371.0,5401.0,5433.0,5469.0,5538.0,5556.0
3875,23627.0,23850.0,24055.0,24414.0,24718.0,25077.0,25382.0,25631.0,25925.0,26238.0,26492.0,26939.0,27380.0,27886.0,28505.0,29175.0,29573.0,29990.0,30306.0,30432.0,30783.0
3878,16718.0,16871.0,17027.0,17289.0,17470.0,17736.0,18042.0,18301.0,18588.0,18890.0,19112.0,19441.0,19781.0,20191.0,20724.0,21273.0,21613.0,21983.0,22258.0,22321.0,22545.0
3880,8468.0,8545.0,8589.0,8668.0,8708.0,8759.0,8926.0,9069.0,9268.0,9431.0,9556.0,9769.0,9990.0,10218.0,10469.0,10741.0,10897.0,11114.0,11385.0,11560.0,11798.0
3882,6909.0,6979.0,7028.0,7125.0,7248.0,7341.0,7340.0,7330.0,7337.0,7348.0,7380.0,7498.0,7599.0,7695.0,7781.0,7902.0,7960.0,8007.0,8048.0,8111.0,8238.0
3885,13956.0,13954.0,13967.0,14051.0,14150.0,14206.0,14191.0,14170.0,14165.0,14161.0,14180.0,14244.0,14290.0,14299.0,14309.0,14399.0,14463.0,14534.0,14609.0,14719.0,14928.0
3886,7047.0,6975.0,6939.0,6926.0,6902.0,6865.0,6851.0,6840.0,6828.0,6813.0,6800.0,6746.0,6691.0,6604.0,6528.0,6497.0,6503.0,6527.0,6561.0,6608.0,6690.0
3887,15390.0,15422.0,15425.0,15511.0,15571.0,15624.0,15742.0,15916.0,16100.0,16266.0,16442.0,16508.0,16543.0,16505.0,16477.0,16535.0,16710.0,16941.0,17195.0,17463.0,17781.0
3888,7047.0,6975.0,6939.0,6926.0,6902.0,6865.0,6851.0,6840.0,6828.0,6813.0,6800.0,6746.0,6691.0,6604.0,6528.0,6497.0,6503.0,6527.0,6561.0,6608.0,6690.0
3889,7047.0,6975.0,6939.0,6926.0,6902.0,6865.0,6851.0,6840.0,6828.0,6813.0,6800.0,6746.0,6691.0,6604.0,6528.0,6497.0,6503.0,6527.0,6561.0,6608.0,6690.0
3890,7047.0,6975.0,6939.0,6926.0,6902.0,6865.0,6851.0,6840.0,6828.0,6813.0,6800.0,6746.0,6691.0,6604.0,6528.0,6497.0,6503.0,6527.0,6561.0,6608.0,6690.0
3891,7047.0,6975.0,6939.0,6926.0,6902.0,6865.0,6851.0,6840.0,6828.0,6813.0,6800.0,6746.0,6691.0,6604.0,6528.0,6497.0,6503.0,6527.0,6561.0,6608.0,6690.0
3892,7047.0,6975.0,6939.0,6926.0,6902.0,6865.0,6851.0,6840.0,6828.0,6813.0,6800.0,6746.0,6691.0,6604.0,6528.0,6497.0,6503.0,6527.0,6561.0,6608.0,6690.0
3893,13956.0,13954.0,13967.0,14051.0,14150.0,14206.0,14191.0,14170.0,14165.0,14161.0,14180.0,14244.0,14290.0,14299.0,14309.0,14399.0,14463.0,14534.0,14609.0,14719.0,14928.0
3895,6909.0,6979.0,7028.0,7125.0,7248.0,7341.0,7340.0,7330.0,7337.0,7348.0,7380.0,7498.0,7599.0,7695.0,7781.0,7902.0,7960.0,8007.0,8048.0,8111.0,8238.0
3896,6909.0,6979.0,7028.0,7125.0,7248.0,7341.0,7340.0,7330.0,7337.0,7348.0,7380.0,7498.0,7599.0,7695.0,7781.0,7902.0,7960.0,8007.0,8048.0,8111.0,8238.0
3898,15020.0,15089.0,15101.0,15120.0,15188.0,15215.0,15178.0,15156.0,15150.0,15189.0,15255.0,15468.0,15651.0,15815.0,15960.0,16201.0,16354.0,16525.0,16631.0,16831.0,17086.0
3900,6909.0,6979.0,7028.0,7125.0,7248.0,7341.0,7340.0,7330.0,7337.0,7348.0,7380.0,7498.0,7599.0,7695.0,7781.0,7902.0,7960.0,8007.0,8048.0,8111.0,8238.0
3902,6909.0,6979.0,7028.0,7125.0,7248.0,7341.0,7340.0,7330.0,7337.0,7348.0,7380.0,7498.0,7599.0,7695.0,7781.0,7902.0,7960.0,8007.0,8048.0,8111.0,8238.0
3903,15252.0,15426.0,15514.0,15710.0,15917.0,16100.0,16231.0,16406.0,16609.0,16801.0,17022.0,17260.0,17451.0,17596.0,17730.0,17940.0,18167.0,18421.0,18682.0,18966.0,19329.0
3904,8343.0,8447.0,8486.0,8585.0,8669.0,8759.0,8891.0,9076.0,9272.0,9453.0,9642.0,9762.0,9852.0,9901.0,9949.0,10038.0,10207.0,10414.0,10634.0,10855.0,11091.0
3909,15390.0,15422.0,15425.0,15511.0,15571.0,15624.0,15742.0,15916.0,16100.0,16266.0,16442.0,16508.0,16543.0,16505.0,16477.0,16535.0,16710.0,16941.0,17195.0,17463.0,17781.0
3910,18750.0,19188.0,19723.0,20388.0,21036.0,21236.0,21638.0,22222.0,22770.0,23095.0,23163.0,23385.0,23649.0,24015.0,24357.0,24694.0,24851.0,24998.0,25082.0,25221.0,25248.0
3911,35282.0,35987.0,36677.0,37392.0,38097.0,38420.0,38904.0,39775.0,40670.0,41043.0,41070.0,41447.0,41858.0,42500.0,43042.0,43572.0,43747.0,43892.0,43907.0,43986.0,43936.0
3912,23470.0,23842.0,24135.0,24315.0,24598.0,24755.0,24825.0,25105.0,25474.0,25571.0,25613.0,25780.0,25961.0,26296.0,26581.0,26913.0,26982.0,27034.0,26976.0,26893.0,26770.0
3913,16532.0,16799.0,16954.0,17004.0,17061.0,17184.0,17266.0,17553.0,17900.0,17948.0,17907.0,18062.0,18209.0,18485.0,18685.0,18878.0,18896.0,18894.0,18825.0,18765.0,18688.0
3915,23642.0,23819.0,23971.0,24077.0,24275.0,24790.0,25251.0,25746.0,26113.0,26397.0,26463.0,26868.0,27255.0,27716.0,28128.0,28493.0,28937.0,29376.0,29773.0,30104.0,30261.0
3916,5811.0,5865.0,5904.0,5894.0,5901.0,5961.0,5827.0,5754.0,5725.0,5668.0,5578.0,5576.0,5580.0,5586.0,5604.0,5642.0,5716.0,5793.0,5870.0,5947.0,6021.0
3918,17831.0,17954.0,18067.0,18183.0,18374.0,18829.0,19424.0,19992.0,20388.0,20729.0,20885.0,21292.0,21675.0,22130.0,22524.0,22851.0,23221.0,23583.0,23903.0,24157.0,24240.0
3919,17831.0,17954.0,18067.0,18183.0,18374.0,18829.0,19424.0,19992.0,20388.0,20729.0,20885.0,21292.0,21675.0,22130.0,22524.0,22851.0,23221.0,23583.0,23903.0,24157.0,24240.0
3920,17831.0,17954.0,18067.0,18183.0,18374.0,18829.0,19424.0,19992.0,20388.0,20729.0,20885.0,21292.0,21675.0,22130.0,22524.0,22851.0,23221.0,23583.0,23903.0,24157.0,24240.0
3921,90.0,91.0,92.0,91.0,92.0,92.0,96.0,101.0,104.0,108.0,113.0,113.0,113.0,114.0,114.0,114.0,119.0,124.0,128.0,133.0,138.0
3922,7361.0,7585.0,7838.0,7967.0,8260.0,8303.0,8573.0,8880.0,9193.0,9500.0,9657.0,9802.0,9946.0,10104.0,10334.0,10686.0,11275.0,11888.0,12452.0,13047.0,13724.0
3923,7361.0,7585.0,7838.0,7967.0,8260.0,8303.0,8573.0,8880.0,9193.0,9500.0,9657.0,9802.0,9946.0,10104.0,10334.0,10686.0,11275.0,11888.0,12452.0,13047.0,13724.0
3925,25008.0,25386.0,25794.0,26084.0,26510.0,26662.0,27175.0,27771.0,28361.0,29287.0,30053.0,30603.0,31127.0,31715.0,32373.0,33263.0,34545.0,35854.0,37191.0,38678.0,40447.0
3926,23642.0,23819.0,23971.0,24077.0,24275.0,24790.0,25251.0,25746.0,26113.0,26397.0,26463.0,26868.0,27255.0,27716.0,28128.0,28493.0,28937.0,29376.0,29773.0,30104.0,30261.0
3927,17831.0,17954.0,18067.0,18183.0,18374.0,18829.0,19424.0,19992.0,20388.0,20729.0,20885.0,21292.0,21675.0,22130.0,22524.0,22851.0,23221.0,23583.0,23903.0,24157.0,24240.0
3928,5811.0,5865.0,5904.0,5894.0,5901.0,5961.0,5827.0,5754.0,5725.0,5668.0,5578.0,5576.0,5580.0,5586.0,5604.0,5642.0,5716.0,5793.0,5870.0,5947.0,6021.0
3929,5811.0,5865.0,5904.0,5894.0,5901.0,5961.0,5827.0,5754.0,5725.0,5668.0,5578.0,5576.0,5580.0,5586.0,5604.0,5642.0,5716.0,5793.0,5870.0,5947.0,6021.0
3930,17056.0,17046.0,17059.0,17077.0,17102.0,17094.0,17227.0,17370.0,17626.0,17824.0,17942.0,18087.0,18210.0,18342.0,18471.0,18696.0,18822.0,18975.0,19056.0,19112.0,18923.0
3933,16532.0,16799.0,16954.0,17004.0,17061.0,17184.0,17266.0,17553.0,17900.0,17948.0,17907.0,18062.0,18209.0,18485.0,18685.0,18878.0,18896.0,18894.0,18825.0,18765.0,18688.0
3934,12493.0,13089.0,13741.0,14265.0,14781.0,15245.0,15805.0,16332.0,16869.0,17332.0,17581.0,18133.0,18465.0,18881.0,19071.0,19365.0,19594.0,19753.0,19982.0,20043.0,20020.0
3936,26913.0,27118.0,27160.0,27056.0,26916.0,26965.0,27642.0,28315.0,28992.0,29215.0,29484.0,30045.0,30687.0,31304.0,32112.0,33067.0,34002.0,34781.0,35380.0,36049.0,36599.0
3937,5811.0,5865.0,5904.0,5894.0,5901.0,5961.0,5827.0,5754.0,5725.0,5668.0,5578.0,5576.0,5580.0,5586.0,5604.0,5642.0,5716.0,5793.0,5870.0,5947.0,6021.0
3938,18458.0,18563.0,18586.0,18472.0,18328.0,18329.0,18812.0,19261.0,19761.0,19966.0,20151.0,20461.0,20749.0,21029.0,21327.0,21613.0,21994.0,22322.0,22620.0,22899.0,23139.0
3939,40089.0,40602.0,40878.0,40799.0,40702.0,40832.0,41222.0,41642.0,42134.0,42296.0,42399.0,43001.0,43562.0,44118.0,44662.0,45254.0,46071.0,46855.0,47650.0,48460.0,49150.0
3940,18458.0,18563.0,18586.0,18472.0,18328.0,18329.0,18812.0,19261.0,19761.0,19966.0,20151.0,20461.0,20749.0,21029.0,21327.0,21613.0,21994.0,22322.0,22620.0,22899.0,23139.0
3941,15820.0,16174.0,16388.0,16433.0,16473.0,16542.0,16583.0,16627.0,16648.0,16662.0,16670.0,16964.0,17233.0,17503.0,17731.0,17999.0,18361.0,18740.0,19160.0,19614.0,19990.0
3942,15820.0,16174.0,16388.0,16433.0,16473.0,16542.0,16583.0,16627.0,16648.0,16662.0,16670.0,16964.0,17233.0,17503.0,17731.0,17999.0,18361.0,18740.0,19160.0,19614.0,19990.0
3943,15820.0,16174.0,16388.0,16433.0,16473.0,16542.0,16583.0,16627.0,16648.0,16662.0,16670.0,16964.0,17233.0,17503.0,17731.0,17999.0,18361.0,18740.0,19160.0,19614.0,19990.0
3944,15820.0,16174.0,16388.0,16433.0,16473.0,16542.0,16583.0,16627.0,16648.0,16662.0,16670.0,16964.0,17233.0,17503.0,17731.0,17999.0,18361.0,18740.0,19160.0,19614.0,19990.0
3945,25628.0,25814.0,26026.0,26242.0,26435.0,26605.0,26930.0,27297.0,27696.0,28437.0,29215.0,29716.0,30196.0,30699.0,31206.0,31830.0,32612.0,33408.0,34320.0,35373.0,36506.0
3946,7981.0,8013.0,8070.0,8125.0,8185.0,8246.0,8328.0,8406.0,8528.0,8650.0,8819.0,8915.0,9015.0,9088.0,9167.0,9253.0,9342.0,9442.0,9581.0,9742.0,9783.0
3950,17772.0,17817.0,17979.0,18078.0,18211.0,18275.0,18446.0,18646.0,18921.0,19185.0,19497.0,19750.0,19954.0,20094.0,20244.0,20455.0,20572.0,20759.0,20983.0,21159.0,21217.0
3951,17772.0,17817.0,17979.0,18078.0,18211.0,18275.0,18446.0,18646.0,18921.0,19185.0,19497.0,19750.0,19954.0,20094.0,20244.0,20455.0,20572.0,20759.0,20983.0,21159.0,21217.0
3953,23884.0,23883.0,24046.0,24100.0,24201.0,24326.0,24635.0,25020.0,25546.0,26132.0,26663.0,27020.0,27348.0,27607.0,27900.0,28283.0,28552.0,28811.0,29081.0,29312.0,29530.0
3954,9791.0,9804.0,9909.0,9953.0,10026.0,10029.0,10118.0,10240.0,10393.0,10535.0,10678.0,10835.0,10939.0,11006.0,11077.0,11202.0,11230.0,11317.0,11402.0,11417.0,11434.0
3956,18063.0,18046.0,18107.0,18126.0,18193.0,18199.0,18290.0,18429.0,18604.0,18775.0,18944.0,19264.0,19503.0,19672.0,19851.0,20099.0,20199.0,20338.0,20516.0,20693.0,20811.0
3957,8272.0,8242.0,8198.0,8173.0,8167.0,8170.0,8172.0,8189.0,8211.0,8240.0,8266.0,8429.0,8564.0,8666.0,8774.0,8897.0,8969.0,9021.0,9114.0,9276.0,9377.0
3958,8272.0,8242.0,8198.0,8173.0,8167.0,8170.0,8172.0,8189.0,8211.0,8240.0,8266.0,8429.0,8564.0,8666.0,8774.0,8897.0,8969.0,9021.0,9114.0,9276.0,9377.0
3959,8272.0,8242.0,8198.0,8173.0,8167.0,8170.0,8172.0,8189.0,8211.0,8240.0,8266.0,8429.0,8564.0,8666.0,8774.0,8897.0,8969.0,9021.0,9114.0,9276.0,9377.0
3960,8285.0,8255.0,8211.0,8186.0,8180.0,8183.0,8185.0,8202.0,8225.0,8254.0,8280.0,8443.0,8578.0,8679.0,8787.0,8910.0,8982.0,9035.0,9128.0,9291.0,9392.0
3962,13958.0,13868.0,13758.0,13664.0,13632.0,13619.0,13625.0,13632.0,13662.0,13659.0,13595.0,13764.0,13909.0,14015.0,14125.0,14268.0,14370.0,14454.0,14583.0,14814.0,14933.0
3964,8272.0,8242.0,8198.0,8173.0,8167.0,8170.0,8172.0,8189.0,8211.0,8240.0,8266.0,8429.0,8564.0,8666.0,8774.0,8897.0,8969.0,9021.0,9114.0,9276.0,9377.0
3965,8272.0,8242.0,8198.0,8173.0,8167.0,8170.0,8172.0,8189.0,8211.0,8240.0,8266.0,8429.0,8564.0,8666.0,8774.0,8897.0,8969.0,9021.0,9114.0,9276.0,9377.0
3966,13958.0,13868.0,13758.0,13664.0,13632.0,13619.0,13625.0,13632.0,13662.0,13659.0,13595.0,13764.0,13909.0,14015.0,14125.0,14268.0,14370.0,14454.0,14583.0,14814.0,14933.0
3967,13958.0,13868.0,13758.0,13664.0,13632.0,13619.0,13625.0,13632.0,13662.0,13659.0,13595.0,13764.0,13909.0,14015.0,14125.0,14268.0,14370.0,14454.0,14583.0,14814.0,14933.0
3971,5686.0,5626.0,5560.0,5491.0,5465.0,5449.0,5453.0,5443.0,5451.0,5419.0,5329.0,5335.0,5345.0,5349.0,5351.0,5371.0,5401.0,5433.0,5469.0,5538.0,5556.0
3975,1507.0,2057.0,2658.0,3320.0,4091.0,5130.0,6319.0,7660.0,9002.0,10529.0,12107.0,12994.0,14042.0,14794.0,15459.0,16067.0,16660.0,17217.0,17612.0,18092.0,18270.0
3977,32481.0,34109.0,36207.0,38517.0,40583.0,42399.0,44446.0,46994.0,49365.0,51576.0,53505.0,56104.0,59227.0,61999.0,64503.0,67388.0,69822.0,72763.0,76083.0,79595.0,82528.0
3978,4798.0,4776.0,4764.0,4851.0,4925.0,5070.0,5141.0,5419.0,5833.0,6311.0,6880.0,7357.0,7950.0,8355.0,8703.0,9116.0,9568.0,10703.0,12840.0,15345.0,17613.0
3979,17647.0,17801.0,17956.0,18117.0,18250.0,18359.0,18602.0,18891.0,19168.0,19787.0,20396.0,20801.0,21181.0,21611.0,22039.0,22577.0,23270.0,23966.0,24739.0,25631.0,26723.0
3980,6938.0,7043.0,7181.0,7311.0,7537.0,7571.0,7559.0,7552.0,7574.0,7623.0,7706.0,7718.0,7752.0,7811.0,7896.0,8035.0,8086.0,8140.0,8151.0,8128.0,8082.0
3981,9882.0,10015.0,10130.0,10340.0,10472.0,10734.0,11020.0,11315.0,11832.0,12599.0,13323.0,14046.0,14678.0,15201.0,15787.0,16435.0,17107.0,17762.0,18422.0,19164.0,19790.0
3984,25628.0,25814.0,26026.0,26242.0,26435.0,26605.0,26930.0,27297.0,27696.0,28437.0,29215.0,29716.0,30196.0,30699.0,31206.0,31830.0,32612.0,33408.0,34320.0,35373.0,36506.0
3987,7981.0,8013.0,8070.0,8125.0,8185.0,8246.0,8328.0,8406.0,8528.0,8650.0,8819.0,8915.0,9015.0,9088.0,9167.0,9253.0,9342.0,9442.0,9581.0,9742.0,9783.0
3988,32066.0,32355.0,32701.0,33119.0,33616.0,34255.0,34909.0,35623.0,36585.0,37881.0,39106.0,40245.0,41328.0,42293.0,43420.0,44776.0,46202.0,47682.0,49254.0,50961.0,52653.0
3990,17647.0,17801.0,17956.0,18117.0,18250.0,18359.0,18602.0,18891.0,19168.0,19787.0,20396.0,20801.0,21181.0,21611.0,22039.0,22577.0,23270.0,23966.0,24739.0,25631.0,26723.0
3991,17647.0,17801.0,17956.0,18117.0,18250.0,18359.0,18602.0,18891.0,19168.0,19787.0,20396.0,20801.0,21181.0,21611.0,22039.0,22577.0,23270.0,23966.0,24739.0,25631.0,26723.0
3992,17647.0,17801.0,17956.0,18117.0,18250.0,18359.0,18602.0,18891.0,19168.0,19787.0,20396.0,20801.0,21181.0,21611.0,22039.0,22577.0,23270.0,23966.0,24739.0,25631.0,26723.0
3995,17647.0,17801.0,17956.0,18117.0,18250.0,18359.0,18602.0,18891.0,19168.0,19787.0,20396.0,20801.0,21181.0,21611.0,22039.0,22577.0,23270.0,23966.0,24739.0,25631.0,26723.0
3996,25919.0,26043.0,26154.0,26290.0,26417.0,26529.0,26774.0,27080.0,27379.0,28027.0,28662.0,29230.0,29745.0,30277.0,30813.0,31474.0,32239.0,32987.0,33853.0,34907.0,36100.0
